ID;Names;@mail;department
1;Anton;Ivan@gmail.com;mid
2;Fedor;Anton@gmail.com;mod
3;Dmitriy;Igor@gmail.com;tst
4;Dmitriy;Fedor@gmail.com;mid
5;Ivan;Dmitriy@gmail.com;mid
6;Dmitriy;Igor@gmail.com;sen
7;Igor;Anton@gmail.com;mid
8;Anton;Anton@gmail.com;prod
9;Kirill;Igor@gmail.com;tst
10;Dmitriy;Dmitriy@gmail.com;dev
11;Pavel;Pavel@gmail.com;jun
12;Fedor;Igor@gmail.com;jun
13;Kirill;Igor@gmail.com;jun
14;Kirill;Fedor@gmail.com;mod
15;Kirill;Igor@gmail.com;mod
16;Pavel;Kirill@gmail.com;mod
17;Pavel;Kirill@gmail.com;prod
18;Fedor;Ivan@gmail.com;jun
19;Kirill;Ivan@gmail.com;dev
20;Pavel;Dmitriy@gmail.com;tst
21;Ivan;Ivan@gmail.com;tst
22;Fedor;Pavel@gmail.com;sen
23;Igor;Anton@gmail.com;tst
24;Fedor;Kirill@gmail.com;prod
25;Fedor;Dmitriy@gmail.com;dev
26;Anton;Anton@gmail.com;mid
27;Pavel;Kirill@gmail.com;sen
28;Dmitriy;Fedor@gmail.com;tst
29;Ivan;Fedor@gmail.com;mod
30;Fedor;Kirill@gmail.com;dev
31;Kirill;Igor@gmail.com;dev
32;Pavel;Kirill@gmail.com;tst
33;Igor;Ivan@gmail.com;dev
34;Kirill;Igor@gmail.com;mid
35;Dmitriy;Fedor@gmail.com;prod
36;Ivan;Fedor@gmail.com;mid
37;Igor;Igor@gmail.com;mid
38;Anton;Ivan@gmail.com;sen
39;Dmitriy;Anton@gmail.com;mod
40;Anton;Anton@gmail.com;jun
41;Anton;Dmitriy@gmail.com;prod
42;Kirill;Pavel@gmail.com;sen
43;Ivan;Dmitriy@gmail.com;prod
44;Fedor;Ivan@gmail.com;prod
45;Pavel;Pavel@gmail.com;mod
46;Igor;Igor@gmail.com;mid
47;Igor;Pavel@gmail.com;mod
48;Igor;Fedor@gmail.com;jun
49;Ivan;Kirill@gmail.com;prod
50;Dmitriy;Anton@gmail.com;dev
51;Kirill;Pavel@gmail.com;prod
52;Fedor;Pavel@gmail.com;dev
53;Dmitriy;Anton@gmail.com;tst
54;Fedor;Anton@gmail.com;sen
55;Kirill;Anton@gmail.com;tst
56;Dmitriy;Anton@gmail.com;sen
57;Pavel;Dmitriy@gmail.com;sen
58;Anton;Dmitriy@gmail.com;sen
59;Pavel;Kirill@gmail.com;tst
60;Kirill;Kirill@gmail.com;dev
61;Anton;Kirill@gmail.com;sen
62;Dmitriy;Kirill@gmail.com;prod
63;Igor;Dmitriy@gmail.com;mid
64;Dmitriy;Pavel@gmail.com;tst
65;Anton;Fedor@gmail.com;mod
66;Anton;Pavel@gmail.com;jun
67;Dmitriy;Dmitriy@gmail.com;mod
68;Kirill;Dmitriy@gmail.com;tst
69;Igor;Anton@gmail.com;sen
70;Pavel;Igor@gmail.com;prod
71;Igor;Anton@gmail.com;jun
72;Kirill;Ivan@gmail.com;tst
73;Anton;Igor@gmail.com;dev
74;Anton;Ivan@gmail.com;sen
75;Anton;Ivan@gmail.com;prod
76;Kirill;Kirill@gmail.com;jun
77;Pavel;Pavel@gmail.com;tst
78;Anton;Igor@gmail.com;tst
79;Pavel;Ivan@gmail.com;tst
80;Pavel;Kirill@gmail.com;dev
81;Kirill;Pavel@gmail.com;prod
82;Pavel;Fedor@gmail.com;tst
83;Anton;Igor@gmail.com;dev
84;Ivan;Pavel@gmail.com;dev
85;Anton;Dmitriy@gmail.com;jun
86;Kirill;Igor@gmail.com;jun
87;Fedor;Anton@gmail.com;sen
88;Pavel;Pavel@gmail.com;sen
89;Anton;Ivan@gmail.com;mid
90;Ivan;Dmitriy@gmail.com;jun
91;Pavel;Dmitriy@gmail.com;mod
92;Dmitriy;Ivan@gmail.com;sen
93;Fedor;Pavel@gmail.com;tst
94;Fedor;Dmitriy@gmail.com;dev
95;Ivan;Kirill@gmail.com;jun
96;Dmitriy;Anton@gmail.com;prod
97;Dmitriy;Ivan@gmail.com;tst
98;Pavel;Pavel@gmail.com;jun
99;Dmitriy;Kirill@gmail.com;mid
100;Kirill;Pavel@gmail.com;tst
101;Igor;Dmitriy@gmail.com;mid
102;Anton;Anton@gmail.com;mod
103;Kirill;Ivan@gmail.com;prod
104;Anton;Dmitriy@gmail.com;sen
105;Fedor;Pavel@gmail.com;mod
106;Kirill;Dmitriy@gmail.com;tst
107;Fedor;Fedor@gmail.com;jun
108;Dmitriy;Igor@gmail.com;mod
109;Kirill;Ivan@gmail.com;mid
110;Pavel;Pavel@gmail.com;mid
111;Dmitriy;Fedor@gmail.com;sen
112;Ivan;Fedor@gmail.com;tst
113;Pavel;Igor@gmail.com;tst
114;Fedor;Igor@gmail.com;sen
115;Fedor;Ivan@gmail.com;prod
116;Kirill;Fedor@gmail.com;sen
117;Fedor;Fedor@gmail.com;prod
118;Fedor;Dmitriy@gmail.com;mod
119;Anton;Kirill@gmail.com;mid
120;Igor;Dmitriy@gmail.com;sen
121;Anton;Anton@gmail.com;mod
122;Igor;Dmitriy@gmail.com;mod
123;Kirill;Fedor@gmail.com;mod
124;Dmitriy;Igor@gmail.com;jun
125;Ivan;Fedor@gmail.com;dev
126;Ivan;Kirill@gmail.com;dev
127;Pavel;Pavel@gmail.com;sen
128;Ivan;Dmitriy@gmail.com;mid
129;Kirill;Fedor@gmail.com;jun
130;Pavel;Igor@gmail.com;mod
131;Kirill;Igor@gmail.com;tst
132;Anton;Ivan@gmail.com;dev
133;Anton;Kirill@gmail.com;mod
134;Ivan;Anton@gmail.com;tst
135;Dmitriy;Fedor@gmail.com;mid
136;Fedor;Kirill@gmail.com;mid
137;Dmitriy;Fedor@gmail.com;sen
138;Igor;Ivan@gmail.com;mid
139;Dmitriy;Fedor@gmail.com;mod
140;Kirill;Dmitriy@gmail.com;mid
141;Igor;Dmitriy@gmail.com;prod
142;Kirill;Igor@gmail.com;mid
143;Fedor;Ivan@gmail.com;mod
144;Igor;Kirill@gmail.com;prod
145;Ivan;Dmitriy@gmail.com;prod
146;Igor;Ivan@gmail.com;prod
147;Anton;Dmitriy@gmail.com;dev
148;Kirill;Anton@gmail.com;tst
149;Fedor;Pavel@gmail.com;dev
150;Igor;Fedor@gmail.com;mod
151;Kirill;Pavel@gmail.com;tst
152;Dmitriy;Dmitriy@gmail.com;jun
153;Fedor;Kirill@gmail.com;prod
154;Ivan;Pavel@gmail.com;tst
155;Fedor;Anton@gmail.com;mod
156;Fedor;Pavel@gmail.com;tst
157;Fedor;Igor@gmail.com;dev
158;Igor;Anton@gmail.com;sen
159;Pavel;Dmitriy@gmail.com;mod
160;Dmitriy;Igor@gmail.com;mod
161;Igor;Ivan@gmail.com;sen
162;Kirill;Igor@gmail.com;dev
163;Pavel;Dmitriy@gmail.com;mid
164;Anton;Dmitriy@gmail.com;dev
165;Ivan;Ivan@gmail.com;prod
166;Ivan;Ivan@gmail.com;jun
167;Fedor;Fedor@gmail.com;sen
168;Igor;Pavel@gmail.com;jun
169;Anton;Fedor@gmail.com;prod
170;Igor;Ivan@gmail.com;sen
171;Igor;Igor@gmail.com;sen
172;Anton;Pavel@gmail.com;mid
173;Pavel;Fedor@gmail.com;mid
174;Igor;Pavel@gmail.com;mod
175;Pavel;Anton@gmail.com;jun
176;Anton;Dmitriy@gmail.com;dev
177;Igor;Igor@gmail.com;tst
178;Pavel;Anton@gmail.com;jun
179;Kirill;Ivan@gmail.com;dev
180;Ivan;Kirill@gmail.com;dev
181;Fedor;Kirill@gmail.com;dev
182;Igor;Pavel@gmail.com;sen
183;Anton;Igor@gmail.com;dev
184;Ivan;Ivan@gmail.com;sen
185;Pavel;Ivan@gmail.com;jun
186;Kirill;Ivan@gmail.com;sen
187;Kirill;Igor@gmail.com;prod
188;Fedor;Ivan@gmail.com;tst
189;Kirill;Kirill@gmail.com;sen
190;Pavel;Kirill@gmail.com;dev
191;Kirill;Ivan@gmail.com;sen
192;Dmitriy;Anton@gmail.com;mod
193;Kirill;Pavel@gmail.com;jun
194;Igor;Igor@gmail.com;dev
195;Ivan;Igor@gmail.com;mid
196;Igor;Pavel@gmail.com;tst
197;Dmitriy;Igor@gmail.com;mid
198;Igor;Pavel@gmail.com;dev
199;Pavel;Pavel@gmail.com;prod
200;Ivan;Igor@gmail.com;jun
201;Kirill;Ivan@gmail.com;tst
202;Igor;Pavel@gmail.com;mod
203;Ivan;Kirill@gmail.com;prod
204;Kirill;Fedor@gmail.com;tst
205;Kirill;Fedor@gmail.com;dev
206;Ivan;Dmitriy@gmail.com;jun
207;Ivan;Ivan@gmail.com;dev
208;Pavel;Dmitriy@gmail.com;mod
209;Dmitriy;Anton@gmail.com;tst
210;Kirill;Fedor@gmail.com;mod
211;Pavel;Kirill@gmail.com;sen
212;Ivan;Kirill@gmail.com;jun
213;Fedor;Igor@gmail.com;sen
214;Dmitriy;Fedor@gmail.com;jun
215;Fedor;Kirill@gmail.com;prod
216;Kirill;Pavel@gmail.com;jun
217;Pavel;Igor@gmail.com;jun
218;Igor;Fedor@gmail.com;prod
219;Igor;Ivan@gmail.com;sen
220;Pavel;Ivan@gmail.com;dev
221;Fedor;Pavel@gmail.com;mid
222;Anton;Pavel@gmail.com;jun
223;Igor;Fedor@gmail.com;sen
224;Kirill;Dmitriy@gmail.com;sen
225;Fedor;Pavel@gmail.com;mod
226;Pavel;Fedor@gmail.com;prod
227;Ivan;Ivan@gmail.com;prod
228;Dmitriy;Anton@gmail.com;jun
229;Ivan;Fedor@gmail.com;mod
230;Pavel;Igor@gmail.com;mod
231;Fedor;Anton@gmail.com;tst
232;Kirill;Kirill@gmail.com;prod
233;Anton;Igor@gmail.com;jun
234;Anton;Kirill@gmail.com;mod
235;Pavel;Ivan@gmail.com;tst
236;Igor;Pavel@gmail.com;tst
237;Kirill;Fedor@gmail.com;sen
238;Igor;Ivan@gmail.com;sen
239;Kirill;Fedor@gmail.com;tst
240;Dmitriy;Igor@gmail.com;dev
241;Anton;Igor@gmail.com;dev
242;Igor;Dmitriy@gmail.com;prod
243;Pavel;Pavel@gmail.com;dev
244;Fedor;Dmitriy@gmail.com;mid
245;Dmitriy;Pavel@gmail.com;tst
246;Igor;Ivan@gmail.com;prod
247;Fedor;Igor@gmail.com;sen
248;Pavel;Igor@gmail.com;mod
249;Kirill;Dmitriy@gmail.com;prod
250;Igor;Ivan@gmail.com;dev
251;Kirill;Anton@gmail.com;sen
252;Pavel;Pavel@gmail.com;dev
253;Igor;Pavel@gmail.com;mod
254;Kirill;Ivan@gmail.com;dev
255;Anton;Ivan@gmail.com;mid
256;Kirill;Ivan@gmail.com;dev
257;Dmitriy;Pavel@gmail.com;mid
258;Ivan;Fedor@gmail.com;mod
259;Pavel;Pavel@gmail.com;mod
260;Fedor;Dmitriy@gmail.com;prod
261;Pavel;Fedor@gmail.com;mid
262;Fedor;Fedor@gmail.com;mid
263;Igor;Kirill@gmail.com;dev
264;Igor;Anton@gmail.com;sen
265;Ivan;Pavel@gmail.com;mid
266;Fedor;Igor@gmail.com;tst
267;Igor;Pavel@gmail.com;tst
268;Ivan;Kirill@gmail.com;prod
269;Igor;Anton@gmail.com;jun
270;Igor;Pavel@gmail.com;mod
271;Igor;Pavel@gmail.com;dev
272;Ivan;Igor@gmail.com;sen
273;Anton;Dmitriy@gmail.com;jun
274;Kirill;Pavel@gmail.com;jun
275;Fedor;Kirill@gmail.com;mod
276;Pavel;Kirill@gmail.com;mod
277;Kirill;Anton@gmail.com;mod
278;Fedor;Ivan@gmail.com;mid
279;Pavel;Dmitriy@gmail.com;jun
280;Igor;Dmitriy@gmail.com;tst
281;Dmitriy;Pavel@gmail.com;mid
282;Dmitriy;Pavel@gmail.com;mod
283;Anton;Kirill@gmail.com;dev
284;Dmitriy;Fedor@gmail.com;mod
285;Ivan;Anton@gmail.com;mod
286;Dmitriy;Dmitriy@gmail.com;prod
287;Fedor;Fedor@gmail.com;jun
288;Igor;Fedor@gmail.com;dev
289;Pavel;Fedor@gmail.com;mid
290;Dmitriy;Igor@gmail.com;tst
291;Ivan;Pavel@gmail.com;tst
292;Dmitriy;Fedor@gmail.com;mod
293;Igor;Ivan@gmail.com;dev
294;Dmitriy;Kirill@gmail.com;prod
295;Pavel;Fedor@gmail.com;prod
296;Anton;Ivan@gmail.com;sen
297;Kirill;Pavel@gmail.com;tst
298;Anton;Igor@gmail.com;mid
299;Dmitriy;Dmitriy@gmail.com;prod
300;Dmitriy;Anton@gmail.com;jun
301;Fedor;Pavel@gmail.com;tst
302;Kirill;Ivan@gmail.com;mod
303;Pavel;Kirill@gmail.com;sen
304;Pavel;Ivan@gmail.com;prod
305;Kirill;Dmitriy@gmail.com;prod
306;Anton;Fedor@gmail.com;prod
307;Anton;Kirill@gmail.com;mod
308;Anton;Fedor@gmail.com;sen
309;Anton;Ivan@gmail.com;sen
310;Kirill;Pavel@gmail.com;mod
311;Anton;Fedor@gmail.com;sen
312;Ivan;Dmitriy@gmail.com;dev
313;Pavel;Dmitriy@gmail.com;jun
314;Pavel;Anton@gmail.com;dev
315;Dmitriy;Kirill@gmail.com;tst
316;Pavel;Dmitriy@gmail.com;tst
317;Ivan;Anton@gmail.com;sen
318;Kirill;Anton@gmail.com;mid
319;Fedor;Pavel@gmail.com;dev
320;Dmitriy;Dmitriy@gmail.com;mod
321;Anton;Fedor@gmail.com;sen
322;Anton;Dmitriy@gmail.com;dev
323;Pavel;Igor@gmail.com;tst
324;Kirill;Anton@gmail.com;jun
325;Fedor;Igor@gmail.com;dev
326;Igor;Igor@gmail.com;prod
327;Anton;Pavel@gmail.com;tst
328;Kirill;Anton@gmail.com;sen
329;Fedor;Dmitriy@gmail.com;prod
330;Igor;Igor@gmail.com;mod
331;Ivan;Dmitriy@gmail.com;mid
332;Igor;Pavel@gmail.com;dev
333;Igor;Ivan@gmail.com;sen
334;Dmitriy;Igor@gmail.com;tst
335;Dmitriy;Kirill@gmail.com;mod
336;Dmitriy;Igor@gmail.com;dev
337;Ivan;Ivan@gmail.com;mod
338;Igor;Anton@gmail.com;tst
339;Anton;Anton@gmail.com;dev
340;Dmitriy;Anton@gmail.com;mod
341;Ivan;Fedor@gmail.com;sen
342;Kirill;Anton@gmail.com;dev
343;Ivan;Fedor@gmail.com;tst
344;Fedor;Dmitriy@gmail.com;mid
345;Igor;Pavel@gmail.com;jun
346;Anton;Anton@gmail.com;prod
347;Ivan;Igor@gmail.com;mod
348;Pavel;Ivan@gmail.com;dev
349;Igor;Fedor@gmail.com;mid
350;Igor;Fedor@gmail.com;tst
351;Dmitriy;Anton@gmail.com;mid
352;Pavel;Dmitriy@gmail.com;tst
353;Dmitriy;Igor@gmail.com;dev
354;Anton;Dmitriy@gmail.com;tst
355;Kirill;Anton@gmail.com;prod
356;Pavel;Ivan@gmail.com;jun
357;Dmitriy;Kirill@gmail.com;sen
358;Ivan;Kirill@gmail.com;sen
359;Kirill;Pavel@gmail.com;prod
360;Igor;Anton@gmail.com;tst
361;Dmitriy;Fedor@gmail.com;mid
362;Igor;Fedor@gmail.com;prod
363;Fedor;Ivan@gmail.com;mid
364;Anton;Pavel@gmail.com;mod
365;Kirill;Pavel@gmail.com;tst
366;Ivan;Fedor@gmail.com;mid
367;Dmitriy;Dmitriy@gmail.com;dev
368;Pavel;Anton@gmail.com;tst
369;Igor;Ivan@gmail.com;prod
370;Anton;Kirill@gmail.com;sen
371;Igor;Fedor@gmail.com;prod
372;Ivan;Anton@gmail.com;prod
373;Kirill;Igor@gmail.com;dev
374;Anton;Igor@gmail.com;jun
375;Igor;Kirill@gmail.com;tst
376;Fedor;Pavel@gmail.com;mid
377;Fedor;Pavel@gmail.com;prod
378;Igor;Fedor@gmail.com;sen
379;Ivan;Fedor@gmail.com;tst
380;Dmitriy;Ivan@gmail.com;tst
381;Dmitriy;Pavel@gmail.com;mod
382;Pavel;Dmitriy@gmail.com;tst
383;Kirill;Fedor@gmail.com;tst
384;Igor;Ivan@gmail.com;sen
385;Kirill;Pavel@gmail.com;prod
386;Anton;Pavel@gmail.com;jun
387;Kirill;Anton@gmail.com;dev
388;Dmitriy;Anton@gmail.com;dev
389;Kirill;Ivan@gmail.com;prod
390;Fedor;Pavel@gmail.com;dev
391;Dmitriy;Pavel@gmail.com;tst
392;Pavel;Pavel@gmail.com;sen
393;Kirill;Kirill@gmail.com;mid
394;Kirill;Fedor@gmail.com;dev
395;Dmitriy;Pavel@gmail.com;sen
396;Ivan;Anton@gmail.com;tst
397;Dmitriy;Igor@gmail.com;mid
398;Anton;Igor@gmail.com;sen
399;Anton;Ivan@gmail.com;mod
400;Dmitriy;Pavel@gmail.com;jun
401;Fedor;Fedor@gmail.com;tst
402;Anton;Dmitriy@gmail.com;dev
403;Igor;Igor@gmail.com;sen
404;Dmitriy;Kirill@gmail.com;sen
405;Anton;Anton@gmail.com;sen
406;Ivan;Anton@gmail.com;sen
407;Anton;Igor@gmail.com;tst
408;Fedor;Igor@gmail.com;jun
409;Ivan;Kirill@gmail.com;mid
410;Dmitriy;Ivan@gmail.com;tst
411;Kirill;Fedor@gmail.com;mid
412;Fedor;Kirill@gmail.com;prod
413;Fedor;Dmitriy@gmail.com;tst
414;Ivan;Fedor@gmail.com;sen
415;Kirill;Anton@gmail.com;mod
416;Kirill;Kirill@gmail.com;dev
417;Pavel;Anton@gmail.com;dev
418;Kirill;Fedor@gmail.com;mid
419;Dmitriy;Kirill@gmail.com;sen
420;Anton;Pavel@gmail.com;mid
421;Dmitriy;Kirill@gmail.com;mod
422;Igor;Anton@gmail.com;sen
423;Pavel;Pavel@gmail.com;sen
424;Igor;Igor@gmail.com;dev
425;Ivan;Kirill@gmail.com;tst
426;Pavel;Fedor@gmail.com;dev
427;Anton;Pavel@gmail.com;jun
428;Pavel;Kirill@gmail.com;sen
429;Kirill;Ivan@gmail.com;mid
430;Ivan;Fedor@gmail.com;jun
431;Kirill;Pavel@gmail.com;sen
432;Pavel;Fedor@gmail.com;mid
433;Fedor;Anton@gmail.com;prod
434;Dmitriy;Igor@gmail.com;prod
435;Pavel;Dmitriy@gmail.com;prod
436;Anton;Kirill@gmail.com;jun
437;Ivan;Anton@gmail.com;mid
438;Fedor;Kirill@gmail.com;mod
439;Anton;Anton@gmail.com;sen
440;Kirill;Dmitriy@gmail.com;mod
441;Anton;Anton@gmail.com;jun
442;Kirill;Anton@gmail.com;prod
443;Fedor;Anton@gmail.com;mod
444;Pavel;Fedor@gmail.com;sen
445;Kirill;Igor@gmail.com;tst
446;Dmitriy;Dmitriy@gmail.com;prod
447;Anton;Dmitriy@gmail.com;tst
448;Anton;Dmitriy@gmail.com;mod
449;Fedor;Pavel@gmail.com;prod
450;Ivan;Kirill@gmail.com;prod
451;Fedor;Kirill@gmail.com;dev
452;Anton;Dmitriy@gmail.com;prod
453;Dmitriy;Igor@gmail.com;mod
454;Fedor;Kirill@gmail.com;sen
455;Anton;Dmitriy@gmail.com;sen
456;Ivan;Dmitriy@gmail.com;mod
457;Ivan;Dmitriy@gmail.com;jun
458;Fedor;Dmitriy@gmail.com;prod
459;Igor;Kirill@gmail.com;prod
460;Kirill;Anton@gmail.com;sen
461;Anton;Fedor@gmail.com;jun
462;Ivan;Pavel@gmail.com;tst
463;Anton;Pavel@gmail.com;mid
464;Kirill;Dmitriy@gmail.com;mod
465;Pavel;Ivan@gmail.com;jun
466;Anton;Fedor@gmail.com;sen
467;Ivan;Dmitriy@gmail.com;prod
468;Igor;Anton@gmail.com;jun
469;Fedor;Fedor@gmail.com;tst
470;Pavel;Kirill@gmail.com;jun
471;Kirill;Pavel@gmail.com;tst
472;Pavel;Anton@gmail.com;tst
473;Ivan;Fedor@gmail.com;dev
474;Anton;Anton@gmail.com;sen
475;Fedor;Fedor@gmail.com;mid
476;Kirill;Kirill@gmail.com;prod
477;Igor;Pavel@gmail.com;mod
478;Fedor;Kirill@gmail.com;tst
479;Pavel;Igor@gmail.com;jun
480;Fedor;Kirill@gmail.com;sen
481;Ivan;Igor@gmail.com;sen
482;Ivan;Pavel@gmail.com;mod
483;Kirill;Fedor@gmail.com;sen
484;Ivan;Anton@gmail.com;tst
485;Kirill;Igor@gmail.com;jun
486;Kirill;Ivan@gmail.com;dev
487;Dmitriy;Anton@gmail.com;mod
488;Igor;Pavel@gmail.com;prod
489;Dmitriy;Ivan@gmail.com;mid
490;Ivan;Ivan@gmail.com;tst
491;Igor;Pavel@gmail.com;prod
492;Pavel;Dmitriy@gmail.com;mid
493;Igor;Kirill@gmail.com;sen
494;Fedor;Dmitriy@gmail.com;jun
495;Dmitriy;Ivan@gmail.com;dev
496;Pavel;Ivan@gmail.com;jun
497;Igor;Igor@gmail.com;dev
498;Anton;Dmitriy@gmail.com;tst
499;Igor;Ivan@gmail.com;tst
500;Ivan;Fedor@gmail.com;prod
501;Ivan;Igor@gmail.com;jun
502;Ivan;Fedor@gmail.com;tst
503;Kirill;Kirill@gmail.com;sen
504;Pavel;Anton@gmail.com;sen
505;Fedor;Fedor@gmail.com;sen
506;Fedor;Pavel@gmail.com;jun
507;Pavel;Ivan@gmail.com;mid
508;Anton;Anton@gmail.com;tst
509;Fedor;Igor@gmail.com;jun
510;Dmitriy;Pavel@gmail.com;mod
511;Pavel;Kirill@gmail.com;jun
512;Fedor;Anton@gmail.com;mod
513;Pavel;Kirill@gmail.com;jun
514;Kirill;Fedor@gmail.com;tst
515;Dmitriy;Fedor@gmail.com;prod
516;Pavel;Igor@gmail.com;prod
517;Ivan;Kirill@gmail.com;sen
518;Kirill;Anton@gmail.com;prod
519;Kirill;Igor@gmail.com;dev
520;Fedor;Fedor@gmail.com;mid
521;Fedor;Kirill@gmail.com;jun
522;Pavel;Kirill@gmail.com;sen
523;Pavel;Ivan@gmail.com;mod
524;Pavel;Igor@gmail.com;prod
525;Pavel;Igor@gmail.com;prod
526;Anton;Fedor@gmail.com;jun
527;Kirill;Pavel@gmail.com;mod
528;Fedor;Pavel@gmail.com;mid
529;Dmitriy;Ivan@gmail.com;dev
530;Kirill;Dmitriy@gmail.com;sen
531;Ivan;Dmitriy@gmail.com;sen
532;Fedor;Igor@gmail.com;jun
533;Igor;Fedor@gmail.com;dev
534;Pavel;Kirill@gmail.com;dev
535;Igor;Pavel@gmail.com;tst
536;Ivan;Kirill@gmail.com;mod
537;Kirill;Fedor@gmail.com;tst
538;Pavel;Ivan@gmail.com;prod
539;Dmitriy;Anton@gmail.com;tst
540;Dmitriy;Fedor@gmail.com;jun
541;Anton;Anton@gmail.com;sen
542;Igor;Dmitriy@gmail.com;prod
543;Kirill;Anton@gmail.com;tst
544;Ivan;Anton@gmail.com;mid
545;Anton;Kirill@gmail.com;mid
546;Anton;Kirill@gmail.com;tst
547;Ivan;Anton@gmail.com;tst
548;Dmitriy;Kirill@gmail.com;jun
549;Dmitriy;Fedor@gmail.com;dev
550;Anton;Pavel@gmail.com;jun
551;Dmitriy;Kirill@gmail.com;jun
552;Pavel;Dmitriy@gmail.com;mod
553;Igor;Igor@gmail.com;sen
554;Igor;Ivan@gmail.com;jun
555;Dmitriy;Anton@gmail.com;dev
556;Fedor;Fedor@gmail.com;tst
557;Fedor;Pavel@gmail.com;jun
558;Pavel;Fedor@gmail.com;mid
559;Fedor;Ivan@gmail.com;mid
560;Fedor;Pavel@gmail.com;mod
561;Pavel;Dmitriy@gmail.com;mod
562;Pavel;Kirill@gmail.com;sen
563;Dmitriy;Pavel@gmail.com;mid
564;Ivan;Pavel@gmail.com;sen
565;Ivan;Anton@gmail.com;dev
566;Ivan;Fedor@gmail.com;mid
567;Kirill;Igor@gmail.com;dev
568;Pavel;Igor@gmail.com;dev
569;Igor;Igor@gmail.com;tst
570;Pavel;Dmitriy@gmail.com;dev
571;Igor;Pavel@gmail.com;tst
572;Fedor;Fedor@gmail.com;mid
573;Ivan;Ivan@gmail.com;mod
574;Anton;Igor@gmail.com;mid
575;Anton;Kirill@gmail.com;mid
576;Dmitriy;Pavel@gmail.com;jun
577;Dmitriy;Pavel@gmail.com;tst
578;Pavel;Pavel@gmail.com;prod
579;Fedor;Dmitriy@gmail.com;mod
580;Igor;Igor@gmail.com;mid
581;Igor;Fedor@gmail.com;jun
582;Pavel;Igor@gmail.com;mod
583;Anton;Igor@gmail.com;prod
584;Anton;Fedor@gmail.com;mod
585;Anton;Fedor@gmail.com;prod
586;Igor;Igor@gmail.com;sen
587;Dmitriy;Pavel@gmail.com;prod
588;Igor;Anton@gmail.com;sen
589;Pavel;Dmitriy@gmail.com;dev
590;Igor;Anton@gmail.com;mid
591;Pavel;Ivan@gmail.com;tst
592;Pavel;Dmitriy@gmail.com;dev
593;Dmitriy;Dmitriy@gmail.com;tst
594;Ivan;Fedor@gmail.com;tst
595;Fedor;Anton@gmail.com;mid
596;Kirill;Fedor@gmail.com;tst
597;Ivan;Igor@gmail.com;tst
598;Ivan;Dmitriy@gmail.com;dev
599;Anton;Fedor@gmail.com;tst
600;Dmitriy;Pavel@gmail.com;dev
601;Igor;Ivan@gmail.com;prod
602;Fedor;Anton@gmail.com;tst
603;Dmitriy;Anton@gmail.com;prod
604;Igor;Igor@gmail.com;dev
605;Dmitriy;Dmitriy@gmail.com;mid
606;Dmitriy;Igor@gmail.com;dev
607;Fedor;Igor@gmail.com;sen
608;Anton;Ivan@gmail.com;dev
609;Igor;Fedor@gmail.com;dev
610;Ivan;Fedor@gmail.com;sen
611;Pavel;Igor@gmail.com;sen
612;Dmitriy;Igor@gmail.com;mid
613;Dmitriy;Pavel@gmail.com;prod
614;Anton;Pavel@gmail.com;tst
615;Fedor;Ivan@gmail.com;dev
616;Ivan;Dmitriy@gmail.com;mid
617;Kirill;Ivan@gmail.com;sen
618;Igor;Ivan@gmail.com;mod
619;Igor;Igor@gmail.com;sen
620;Dmitriy;Fedor@gmail.com;tst
621;Kirill;Ivan@gmail.com;sen
622;Igor;Fedor@gmail.com;tst
623;Anton;Kirill@gmail.com;sen
624;Anton;Dmitriy@gmail.com;sen
625;Igor;Ivan@gmail.com;prod
626;Dmitriy;Anton@gmail.com;prod
627;Anton;Fedor@gmail.com;jun
628;Anton;Dmitriy@gmail.com;tst
629;Kirill;Pavel@gmail.com;sen
630;Pavel;Igor@gmail.com;mid
631;Anton;Fedor@gmail.com;mod
632;Anton;Fedor@gmail.com;prod
633;Ivan;Kirill@gmail.com;mod
634;Igor;Ivan@gmail.com;mid
635;Anton;Fedor@gmail.com;prod
636;Anton;Igor@gmail.com;tst
637;Kirill;Ivan@gmail.com;mid
638;Igor;Anton@gmail.com;prod
639;Igor;Dmitriy@gmail.com;prod
640;Fedor;Anton@gmail.com;jun
641;Kirill;Dmitriy@gmail.com;sen
642;Kirill;Igor@gmail.com;dev
643;Ivan;Ivan@gmail.com;mod
644;Fedor;Igor@gmail.com;jun
645;Igor;Anton@gmail.com;dev
646;Anton;Igor@gmail.com;mid
647;Fedor;Dmitriy@gmail.com;sen
648;Kirill;Igor@gmail.com;prod
649;Fedor;Fedor@gmail.com;jun
650;Pavel;Igor@gmail.com;dev
651;Pavel;Anton@gmail.com;tst
652;Anton;Ivan@gmail.com;mid
653;Kirill;Ivan@gmail.com;dev
654;Kirill;Kirill@gmail.com;mod
655;Dmitriy;Kirill@gmail.com;mid
656;Fedor;Fedor@gmail.com;prod
657;Kirill;Anton@gmail.com;mod
658;Ivan;Anton@gmail.com;tst
659;Anton;Fedor@gmail.com;sen
660;Ivan;Kirill@gmail.com;tst
661;Kirill;Dmitriy@gmail.com;tst
662;Fedor;Kirill@gmail.com;mod
663;Pavel;Dmitriy@gmail.com;sen
664;Kirill;Ivan@gmail.com;jun
665;Dmitriy;Anton@gmail.com;prod
666;Ivan;Anton@gmail.com;tst
667;Pavel;Dmitriy@gmail.com;mod
668;Pavel;Anton@gmail.com;sen
669;Igor;Fedor@gmail.com;prod
670;Kirill;Anton@gmail.com;dev
671;Dmitriy;Dmitriy@gmail.com;prod
672;Ivan;Igor@gmail.com;tst
673;Anton;Fedor@gmail.com;tst
674;Ivan;Fedor@gmail.com;tst
675;Igor;Kirill@gmail.com;tst
676;Pavel;Dmitriy@gmail.com;dev
677;Igor;Igor@gmail.com;jun
678;Kirill;Anton@gmail.com;sen
679;Pavel;Anton@gmail.com;tst
680;Fedor;Igor@gmail.com;dev
681;Igor;Ivan@gmail.com;mid
682;Ivan;Kirill@gmail.com;prod
683;Igor;Ivan@gmail.com;mid
684;Igor;Igor@gmail.com;mod
685;Kirill;Anton@gmail.com;mod
686;Igor;Kirill@gmail.com;tst
687;Kirill;Kirill@gmail.com;tst
688;Dmitriy;Kirill@gmail.com;tst
689;Kirill;Pavel@gmail.com;prod
690;Anton;Pavel@gmail.com;jun
691;Dmitriy;Pavel@gmail.com;tst
692;Dmitriy;Dmitriy@gmail.com;mod
693;Kirill;Igor@gmail.com;sen
694;Kirill;Kirill@gmail.com;mod
695;Ivan;Dmitriy@gmail.com;sen
696;Pavel;Anton@gmail.com;sen
697;Anton;Igor@gmail.com;tst
698;Dmitriy;Anton@gmail.com;prod
699;Kirill;Fedor@gmail.com;mid
700;Anton;Pavel@gmail.com;jun
701;Ivan;Fedor@gmail.com;mid
702;Kirill;Kirill@gmail.com;mod
703;Anton;Pavel@gmail.com;mid
704;Anton;Dmitriy@gmail.com;dev
705;Dmitriy;Pavel@gmail.com;dev
706;Dmitriy;Kirill@gmail.com;mid
707;Igor;Ivan@gmail.com;mod
708;Anton;Kirill@gmail.com;mod
709;Ivan;Kirill@gmail.com;sen
710;Ivan;Igor@gmail.com;tst
711;Pavel;Dmitriy@gmail.com;mid
712;Kirill;Anton@gmail.com;dev
713;Ivan;Ivan@gmail.com;prod
714;Igor;Fedor@gmail.com;tst
715;Dmitriy;Anton@gmail.com;jun
716;Anton;Fedor@gmail.com;jun
717;Fedor;Fedor@gmail.com;sen
718;Anton;Pavel@gmail.com;jun
719;Ivan;Pavel@gmail.com;jun
720;Anton;Ivan@gmail.com;tst
721;Igor;Kirill@gmail.com;sen
722;Fedor;Dmitriy@gmail.com;sen
723;Dmitriy;Anton@gmail.com;mid
724;Dmitriy;Anton@gmail.com;mid
725;Kirill;Pavel@gmail.com;sen
726;Igor;Igor@gmail.com;prod
727;Fedor;Ivan@gmail.com;mid
728;Dmitriy;Pavel@gmail.com;prod
729;Igor;Kirill@gmail.com;tst
730;Igor;Dmitriy@gmail.com;mid
731;Ivan;Pavel@gmail.com;dev
732;Ivan;Fedor@gmail.com;prod
733;Kirill;Anton@gmail.com;jun
734;Ivan;Pavel@gmail.com;sen
735;Igor;Fedor@gmail.com;sen
736;Fedor;Kirill@gmail.com;mod
737;Fedor;Anton@gmail.com;tst
738;Anton;Dmitriy@gmail.com;sen
739;Anton;Fedor@gmail.com;mid
740;Fedor;Anton@gmail.com;tst
741;Pavel;Anton@gmail.com;mid
742;Ivan;Ivan@gmail.com;tst
743;Igor;Fedor@gmail.com;dev
744;Fedor;Fedor@gmail.com;dev
745;Igor;Kirill@gmail.com;sen
746;Anton;Igor@gmail.com;dev
747;Kirill;Anton@gmail.com;dev
748;Pavel;Fedor@gmail.com;mid
749;Kirill;Igor@gmail.com;mid
750;Anton;Fedor@gmail.com;sen
751;Igor;Kirill@gmail.com;jun
752;Pavel;Fedor@gmail.com;mod
753;Igor;Kirill@gmail.com;prod
754;Kirill;Dmitriy@gmail.com;dev
755;Fedor;Ivan@gmail.com;dev
756;Ivan;Dmitriy@gmail.com;mid
757;Ivan;Igor@gmail.com;jun
758;Ivan;Dmitriy@gmail.com;prod
759;Kirill;Ivan@gmail.com;jun
760;Fedor;Anton@gmail.com;dev
761;Dmitriy;Kirill@gmail.com;jun
762;Fedor;Dmitriy@gmail.com;mid
763;Kirill;Pavel@gmail.com;mod
764;Pavel;Pavel@gmail.com;sen
765;Anton;Igor@gmail.com;sen
766;Fedor;Ivan@gmail.com;jun
767;Igor;Anton@gmail.com;sen
768;Anton;Anton@gmail.com;sen
769;Fedor;Pavel@gmail.com;mod
770;Igor;Dmitriy@gmail.com;sen
771;Pavel;Ivan@gmail.com;tst
772;Pavel;Anton@gmail.com;jun
773;Fedor;Igor@gmail.com;jun
774;Dmitriy;Kirill@gmail.com;mid
775;Kirill;Pavel@gmail.com;sen
776;Anton;Kirill@gmail.com;mid
777;Kirill;Pavel@gmail.com;sen
778;Igor;Ivan@gmail.com;dev
779;Fedor;Igor@gmail.com;tst
780;Pavel;Kirill@gmail.com;jun
781;Dmitriy;Kirill@gmail.com;mid
782;Pavel;Kirill@gmail.com;tst
783;Igor;Pavel@gmail.com;mod
784;Pavel;Ivan@gmail.com;prod
785;Ivan;Dmitriy@gmail.com;mid
786;Ivan;Kirill@gmail.com;tst
787;Anton;Fedor@gmail.com;mid
788;Pavel;Dmitriy@gmail.com;mid
789;Kirill;Pavel@gmail.com;dev
790;Pavel;Kirill@gmail.com;mod
791;Igor;Ivan@gmail.com;mod
792;Ivan;Igor@gmail.com;sen
793;Igor;Dmitriy@gmail.com;jun
794;Anton;Igor@gmail.com;mid
795;Anton;Ivan@gmail.com;dev
796;Kirill;Kirill@gmail.com;dev
797;Fedor;Pavel@gmail.com;mod
798;Kirill;Kirill@gmail.com;tst
799;Pavel;Ivan@gmail.com;mid
800;Kirill;Pavel@gmail.com;sen
801;Dmitriy;Anton@gmail.com;mod
802;Dmitriy;Dmitriy@gmail.com;dev
803;Ivan;Kirill@gmail.com;dev
804;Igor;Ivan@gmail.com;sen
805;Ivan;Dmitriy@gmail.com;mid
806;Igor;Fedor@gmail.com;dev
807;Anton;Dmitriy@gmail.com;sen
808;Kirill;Kirill@gmail.com;tst
809;Igor;Kirill@gmail.com;dev
810;Kirill;Pavel@gmail.com;sen
811;Fedor;Kirill@gmail.com;mod
812;Ivan;Fedor@gmail.com;prod
813;Anton;Dmitriy@gmail.com;sen
814;Anton;Pavel@gmail.com;prod
815;Igor;Pavel@gmail.com;mod
816;Fedor;Dmitriy@gmail.com;dev
817;Kirill;Fedor@gmail.com;prod
818;Pavel;Anton@gmail.com;prod
819;Kirill;Igor@gmail.com;mod
820;Ivan;Ivan@gmail.com;jun
821;Igor;Dmitriy@gmail.com;tst
822;Dmitriy;Ivan@gmail.com;sen
823;Igor;Anton@gmail.com;prod
824;Anton;Fedor@gmail.com;jun
825;Anton;Fedor@gmail.com;mod
826;Dmitriy;Anton@gmail.com;tst
827;Fedor;Pavel@gmail.com;sen
828;Dmitriy;Kirill@gmail.com;mod
829;Igor;Pavel@gmail.com;mod
830;Dmitriy;Dmitriy@gmail.com;mid
831;Fedor;Anton@gmail.com;sen
832;Pavel;Dmitriy@gmail.com;mod
833;Igor;Ivan@gmail.com;tst
834;Ivan;Pavel@gmail.com;dev
835;Anton;Fedor@gmail.com;sen
836;Igor;Kirill@gmail.com;sen
837;Pavel;Pavel@gmail.com;mod
838;Pavel;Kirill@gmail.com;dev
839;Kirill;Ivan@gmail.com;dev
840;Dmitriy;Fedor@gmail.com;tst
841;Anton;Fedor@gmail.com;mid
842;Igor;Kirill@gmail.com;dev
843;Anton;Igor@gmail.com;prod
844;Ivan;Igor@gmail.com;jun
845;Igor;Ivan@gmail.com;sen
846;Ivan;Kirill@gmail.com;jun
847;Anton;Pavel@gmail.com;tst
848;Anton;Anton@gmail.com;mid
849;Anton;Anton@gmail.com;dev
850;Kirill;Pavel@gmail.com;prod
851;Kirill;Ivan@gmail.com;sen
852;Kirill;Ivan@gmail.com;jun
853;Ivan;Dmitriy@gmail.com;mid
854;Igor;Fedor@gmail.com;prod
855;Igor;Ivan@gmail.com;mid
856;Pavel;Igor@gmail.com;dev
857;Ivan;Igor@gmail.com;sen
858;Pavel;Ivan@gmail.com;prod
859;Dmitriy;Igor@gmail.com;mod
860;Igor;Kirill@gmail.com;dev
861;Dmitriy;Kirill@gmail.com;jun
862;Dmitriy;Ivan@gmail.com;sen
863;Igor;Ivan@gmail.com;prod
864;Fedor;Fedor@gmail.com;dev
865;Ivan;Ivan@gmail.com;jun
866;Fedor;Kirill@gmail.com;dev
867;Igor;Pavel@gmail.com;mid
868;Pavel;Anton@gmail.com;dev
869;Kirill;Kirill@gmail.com;mid
870;Kirill;Ivan@gmail.com;mid
871;Pavel;Kirill@gmail.com;jun
872;Ivan;Ivan@gmail.com;dev
873;Ivan;Dmitriy@gmail.com;prod
874;Fedor;Pavel@gmail.com;sen
875;Dmitriy;Ivan@gmail.com;dev
876;Ivan;Kirill@gmail.com;mod
877;Dmitriy;Kirill@gmail.com;dev
878;Fedor;Dmitriy@gmail.com;dev
879;Ivan;Anton@gmail.com;jun
880;Anton;Ivan@gmail.com;tst
881;Anton;Ivan@gmail.com;prod
882;Kirill;Pavel@gmail.com;prod
883;Kirill;Igor@gmail.com;prod
884;Igor;Anton@gmail.com;tst
885;Igor;Dmitriy@gmail.com;prod
886;Kirill;Kirill@gmail.com;sen
887;Pavel;Pavel@gmail.com;sen
888;Anton;Dmitriy@gmail.com;tst
889;Dmitriy;Kirill@gmail.com;mid
890;Kirill;Fedor@gmail.com;mod
891;Pavel;Dmitriy@gmail.com;prod
892;Anton;Kirill@gmail.com;prod
893;Pavel;Kirill@gmail.com;prod
894;Anton;Kirill@gmail.com;dev
895;Kirill;Pavel@gmail.com;mod
896;Fedor;Dmitriy@gmail.com;mid
897;Fedor;Anton@gmail.com;sen
898;Fedor;Pavel@gmail.com;dev
899;Igor;Anton@gmail.com;jun
900;Anton;Pavel@gmail.com;dev
901;Pavel;Fedor@gmail.com;sen
902;Dmitriy;Fedor@gmail.com;prod
903;Anton;Anton@gmail.com;jun
904;Pavel;Dmitriy@gmail.com;jun
905;Anton;Ivan@gmail.com;sen
906;Ivan;Kirill@gmail.com;sen
907;Kirill;Anton@gmail.com;jun
908;Kirill;Igor@gmail.com;sen
909;Igor;Fedor@gmail.com;prod
910;Pavel;Kirill@gmail.com;mid
911;Anton;Kirill@gmail.com;prod
912;Anton;Kirill@gmail.com;prod
913;Kirill;Kirill@gmail.com;mid
914;Pavel;Anton@gmail.com;mod
915;Pavel;Igor@gmail.com;prod
916;Dmitriy;Anton@gmail.com;sen
917;Anton;Pavel@gmail.com;tst
918;Dmitriy;Igor@gmail.com;mid
919;Pavel;Dmitriy@gmail.com;mod
920;Anton;Dmitriy@gmail.com;prod
921;Pavel;Anton@gmail.com;sen
922;Dmitriy;Kirill@gmail.com;sen
923;Dmitriy;Ivan@gmail.com;dev
924;Dmitriy;Ivan@gmail.com;sen
925;Kirill;Pavel@gmail.com;prod
926;Igor;Pavel@gmail.com;jun
927;Kirill;Anton@gmail.com;tst
928;Igor;Anton@gmail.com;sen
929;Dmitriy;Dmitriy@gmail.com;mid
930;Kirill;Pavel@gmail.com;tst
931;Dmitriy;Igor@gmail.com;dev
932;Ivan;Igor@gmail.com;mod
933;Kirill;Kirill@gmail.com;mid
934;Anton;Pavel@gmail.com;tst
935;Pavel;Igor@gmail.com;prod
936;Igor;Igor@gmail.com;dev
937;Anton;Dmitriy@gmail.com;mid
938;Pavel;Fedor@gmail.com;jun
939;Fedor;Kirill@gmail.com;jun
940;Anton;Dmitriy@gmail.com;sen
941;Ivan;Dmitriy@gmail.com;mid
942;Dmitriy;Dmitriy@gmail.com;sen
943;Anton;Pavel@gmail.com;jun
944;Kirill;Dmitriy@gmail.com;mid
945;Pavel;Fedor@gmail.com;dev
946;Kirill;Igor@gmail.com;mid
947;Igor;Kirill@gmail.com;mod
948;Anton;Ivan@gmail.com;dev
949;Anton;Igor@gmail.com;dev
950;Dmitriy;Anton@gmail.com;mid
951;Anton;Dmitriy@gmail.com;prod
952;Fedor;Ivan@gmail.com;sen
953;Igor;Ivan@gmail.com;prod
954;Fedor;Pavel@gmail.com;mod
955;Ivan;Kirill@gmail.com;sen
956;Igor;Ivan@gmail.com;sen
957;Kirill;Ivan@gmail.com;mid
958;Dmitriy;Anton@gmail.com;sen
959;Kirill;Pavel@gmail.com;mid
960;Igor;Ivan@gmail.com;sen
961;Igor;Ivan@gmail.com;dev
962;Pavel;Dmitriy@gmail.com;prod
963;Pavel;Ivan@gmail.com;sen
964;Anton;Fedor@gmail.com;mod
965;Ivan;Kirill@gmail.com;tst
966;Ivan;Kirill@gmail.com;dev
967;Kirill;Kirill@gmail.com;tst
968;Fedor;Fedor@gmail.com;tst
969;Pavel;Fedor@gmail.com;sen
970;Kirill;Ivan@gmail.com;sen
971;Dmitriy;Kirill@gmail.com;mod
972;Dmitriy;Pavel@gmail.com;sen
973;Ivan;Ivan@gmail.com;sen
974;Anton;Dmitriy@gmail.com;jun
975;Fedor;Pavel@gmail.com;jun
976;Fedor;Kirill@gmail.com;mid
977;Dmitriy;Pavel@gmail.com;dev
978;Dmitriy;Anton@gmail.com;dev
979;Kirill;Pavel@gmail.com;jun
980;Igor;Igor@gmail.com;jun
981;Fedor;Kirill@gmail.com;sen
982;Anton;Igor@gmail.com;prod
983;Ivan;Pavel@gmail.com;mod
984;Pavel;Ivan@gmail.com;tst
985;Dmitriy;Dmitriy@gmail.com;mod
986;Dmitriy;Igor@gmail.com;prod
987;Ivan;Igor@gmail.com;tst
988;Pavel;Pavel@gmail.com;sen
989;Igor;Ivan@gmail.com;mid
990;Dmitriy;Igor@gmail.com;sen
991;Pavel;Fedor@gmail.com;dev
992;Igor;Pavel@gmail.com;mid
993;Ivan;Dmitriy@gmail.com;sen
994;Dmitriy;Fedor@gmail.com;prod
995;Igor;Dmitriy@gmail.com;mod
996;Anton;Anton@gmail.com;tst
997;Kirill;Dmitriy@gmail.com;sen
998;Ivan;Pavel@gmail.com;prod
999;Pavel;Igor@gmail.com;mod
1000;Ivan;Kirill@gmail.com;dev
