ID;Names;@mail;phone
1;Dmitriy;Anton@gmail.com;+7035512
2;Igor;Anton@gmail.com;+7495503
3;Pavel;Kirill@gmail.com;+7031249
4;Fedor;Anton@gmail.com;+7125512
5;Igor;Pavel@gmail.com;+7491238
6;Fedor;Anton@gmail.com;+7034926
7;Anton;Igor@gmail.com;+7032677
8;Igor;Ivan@gmail.com;+7774955
9;Pavel;Igor@gmail.com;+7262677
10;Fedor;Ivan@gmail.com;+7552612
11;Dmitriy;Anton@gmail.com;+7381226
12;Pavel;Pavel@gmail.com;+7122638
13;Dmitriy;Igor@gmail.com;+7127755
14;Igor;Dmitriy@gmail.com;+7557712
15;Fedor;Ivan@gmail.com;+7494949
16;Pavel;Anton@gmail.com;+7497703
17;Anton;Anton@gmail.com;+7775538
18;Igor;Fedor@gmail.com;+7122626
19;Dmitriy;Anton@gmail.com;+7037703
20;Pavel;Dmitriy@gmail.com;+7552649
21;Kirill;Ivan@gmail.com;+7771212
22;Pavel;Pavel@gmail.com;+7772655
23;Kirill;Fedor@gmail.com;+7490326
24;Anton;Igor@gmail.com;+7120355
25;Dmitriy;Kirill@gmail.com;+7493812
26;Fedor;Dmitriy@gmail.com;+7261226
27;Fedor;Pavel@gmail.com;+7123849
28;Kirill;Pavel@gmail.com;+7552649
29;Kirill;Ivan@gmail.com;+7381277
30;Pavel;Fedor@gmail.com;+7263812
31;Fedor;Fedor@gmail.com;+7030338
32;Igor;Ivan@gmail.com;+7770312
33;Igor;Pavel@gmail.com;+7770349
34;Pavel;Ivan@gmail.com;+7260326
35;Ivan;Anton@gmail.com;+7557749
36;Ivan;Ivan@gmail.com;+7555512
37;Ivan;Ivan@gmail.com;+7033838
38;Igor;Igor@gmail.com;+7490312
39;Anton;Ivan@gmail.com;+7037726
40;Igor;Fedor@gmail.com;+7035538
41;Igor;Kirill@gmail.com;+7773877
42;Dmitriy;Anton@gmail.com;+7384955
43;Ivan;Fedor@gmail.com;+7772638
44;Ivan;Kirill@gmail.com;+7557712
45;Pavel;Pavel@gmail.com;+7035503
46;Ivan;Fedor@gmail.com;+7031255
47;Pavel;Pavel@gmail.com;+7030377
48;Fedor;Pavel@gmail.com;+7770338
49;Pavel;Dmitriy@gmail.com;+7387712
50;Kirill;Igor@gmail.com;+7031226
51;Igor;Ivan@gmail.com;+7267749
52;Igor;Ivan@gmail.com;+7385549
53;Kirill;Dmitriy@gmail.com;+7261249
54;Ivan;Anton@gmail.com;+7037726
55;Pavel;Fedor@gmail.com;+7385503
56;Ivan;Dmitriy@gmail.com;+7771203
57;Ivan;Anton@gmail.com;+7262649
58;Ivan;Kirill@gmail.com;+7035538
59;Anton;Igor@gmail.com;+7122603
60;Dmitriy;Anton@gmail.com;+7124955
61;Kirill;Anton@gmail.com;+7553826
62;Kirill;Kirill@gmail.com;+7260326
63;Pavel;Pavel@gmail.com;+7125577
64;Dmitriy;Igor@gmail.com;+7551255
65;Igor;Ivan@gmail.com;+7771226
66;Ivan;Fedor@gmail.com;+7551226
67;Anton;Anton@gmail.com;+7770377
68;Anton;Kirill@gmail.com;+7120349
69;Kirill;Anton@gmail.com;+7032603
70;Dmitriy;Ivan@gmail.com;+7557755
71;Fedor;Kirill@gmail.com;+7121226
72;Dmitriy;Igor@gmail.com;+7031226
73;Fedor;Kirill@gmail.com;+7554903
74;Igor;Dmitriy@gmail.com;+7265538
75;Dmitriy;Anton@gmail.com;+7030338
76;Ivan;Dmitriy@gmail.com;+7773812
77;Anton;Ivan@gmail.com;+7127777
78;Ivan;Anton@gmail.com;+7774926
79;Igor;Pavel@gmail.com;+7127738
80;Igor;Fedor@gmail.com;+7262638
81;Ivan;Pavel@gmail.com;+7123855
82;Fedor;Anton@gmail.com;+7777703
83;Kirill;Fedor@gmail.com;+7490377
84;Dmitriy;Anton@gmail.com;+7265512
85;Dmitriy;Fedor@gmail.com;+7775526
86;Anton;Anton@gmail.com;+7773803
87;Pavel;Pavel@gmail.com;+7267749
88;Igor;Kirill@gmail.com;+7557738
89;Dmitriy;Dmitriy@gmail.com;+7120349
90;Fedor;Fedor@gmail.com;+7120349
91;Dmitriy;Anton@gmail.com;+7550377
92;Pavel;Anton@gmail.com;+7770349
93;Kirill;Fedor@gmail.com;+7492626
94;Kirill;Anton@gmail.com;+7123855
95;Anton;Anton@gmail.com;+7551238
96;Fedor;Ivan@gmail.com;+7121212
97;Ivan;Igor@gmail.com;+7122677
98;Kirill;Fedor@gmail.com;+7550349
99;Pavel;Fedor@gmail.com;+7772649
100;Kirill;Ivan@gmail.com;+7385526
101;Anton;Igor@gmail.com;+7031212
102;Anton;Fedor@gmail.com;+7381212
103;Igor;Anton@gmail.com;+7382626
104;Fedor;Kirill@gmail.com;+7127777
105;Kirill;Igor@gmail.com;+7771277
106;Kirill;Pavel@gmail.com;+7030349
107;Anton;Ivan@gmail.com;+7775555
108;Kirill;Anton@gmail.com;+7120312
109;Dmitriy;Fedor@gmail.com;+7265538
110;Kirill;Fedor@gmail.com;+7493849
111;Anton;Pavel@gmail.com;+7122677
112;Ivan;Anton@gmail.com;+7125577
113;Igor;Igor@gmail.com;+7384955
114;Kirill;Anton@gmail.com;+7494926
115;Ivan;Pavel@gmail.com;+7772655
116;Fedor;Kirill@gmail.com;+7124938
117;Igor;Ivan@gmail.com;+7383812
118;Pavel;Fedor@gmail.com;+7381212
119;Pavel;Anton@gmail.com;+7034926
120;Dmitriy;Kirill@gmail.com;+7550303
121;Ivan;Dmitriy@gmail.com;+7770338
122;Fedor;Igor@gmail.com;+7263838
123;Fedor;Anton@gmail.com;+7120355
124;Ivan;Dmitriy@gmail.com;+7382677
125;Fedor;Fedor@gmail.com;+7551226
126;Fedor;Pavel@gmail.com;+7264977
127;Ivan;Igor@gmail.com;+7770326
128;Igor;Ivan@gmail.com;+7497749
129;Kirill;Anton@gmail.com;+7777777
130;Kirill;Anton@gmail.com;+7262649
131;Dmitriy;Ivan@gmail.com;+7381238
132;Kirill;Pavel@gmail.com;+7127726
133;Fedor;Dmitriy@gmail.com;+7557726
134;Fedor;Pavel@gmail.com;+7264938
135;Igor;Kirill@gmail.com;+7557712
136;Kirill;Fedor@gmail.com;+7265512
137;Anton;Anton@gmail.com;+7553877
138;Igor;Dmitriy@gmail.com;+7387749
139;Anton;Pavel@gmail.com;+7552638
140;Anton;Dmitriy@gmail.com;+7127712
141;Pavel;Dmitriy@gmail.com;+7550377
142;Kirill;Igor@gmail.com;+7033812
143;Igor;Fedor@gmail.com;+7123803
144;Fedor;Ivan@gmail.com;+7031255
145;Fedor;Fedor@gmail.com;+7387726
146;Dmitriy;Kirill@gmail.com;+7127749
147;Kirill;Kirill@gmail.com;+7494912
148;Dmitriy;Kirill@gmail.com;+7125549
149;Fedor;Dmitriy@gmail.com;+7775555
150;Anton;Anton@gmail.com;+7031277
151;Kirill;Ivan@gmail.com;+7265549
152;Igor;Anton@gmail.com;+7552638
153;Anton;Pavel@gmail.com;+7385555
154;Dmitriy;Fedor@gmail.com;+7383838
155;Fedor;Fedor@gmail.com;+7775549
156;Igor;Igor@gmail.com;+7497712
157;Fedor;Kirill@gmail.com;+7490349
158;Fedor;Anton@gmail.com;+7381277
159;Dmitriy;Kirill@gmail.com;+7770338
160;Kirill;Igor@gmail.com;+7032603
161;Anton;Ivan@gmail.com;+7125538
162;Fedor;Dmitriy@gmail.com;+7491226
163;Pavel;Fedor@gmail.com;+7383812
164;Anton;Kirill@gmail.com;+7123826
165;Kirill;Dmitriy@gmail.com;+7380312
166;Ivan;Pavel@gmail.com;+7121212
167;Pavel;Dmitriy@gmail.com;+7120338
168;Kirill;Pavel@gmail.com;+7777777
169;Igor;Anton@gmail.com;+7553826
170;Igor;Dmitriy@gmail.com;+7490349
171;Pavel;Dmitriy@gmail.com;+7380303
172;Dmitriy;Kirill@gmail.com;+7380326
173;Fedor;Dmitriy@gmail.com;+7122612
174;Kirill;Igor@gmail.com;+7124926
175;Ivan;Anton@gmail.com;+7261238
176;Pavel;Kirill@gmail.com;+7120377
177;Kirill;Igor@gmail.com;+7554903
178;Ivan;Kirill@gmail.com;+7493812
179;Pavel;Fedor@gmail.com;+7034955
180;Anton;Anton@gmail.com;+7553826
181;Kirill;Fedor@gmail.com;+7380355
182;Pavel;Pavel@gmail.com;+7381255
183;Dmitriy;Pavel@gmail.com;+7557749
184;Dmitriy;Pavel@gmail.com;+7260303
185;Ivan;Kirill@gmail.com;+7125549
186;Anton;Fedor@gmail.com;+7772638
187;Pavel;Fedor@gmail.com;+7493826
188;Dmitriy;Fedor@gmail.com;+7123812
189;Anton;Fedor@gmail.com;+7770377
190;Anton;Fedor@gmail.com;+7031255
191;Pavel;Anton@gmail.com;+7490338
192;Fedor;Dmitriy@gmail.com;+7550377
193;Pavel;Dmitriy@gmail.com;+7127749
194;Anton;Igor@gmail.com;+7773838
195;Igor;Igor@gmail.com;+7127712
196;Fedor;Fedor@gmail.com;+7267726
197;Anton;Anton@gmail.com;+7497755
198;Kirill;Anton@gmail.com;+7030312
199;Fedor;Anton@gmail.com;+7381203
200;Anton;Ivan@gmail.com;+7550355
201;Kirill;Dmitriy@gmail.com;+7552638
202;Ivan;Pavel@gmail.com;+7127749
203;Ivan;Dmitriy@gmail.com;+7552626
204;Kirill;Kirill@gmail.com;+7497703
205;Igor;Ivan@gmail.com;+7775549
206;Kirill;Pavel@gmail.com;+7034903
207;Pavel;Kirill@gmail.com;+7497703
208;Kirill;Dmitriy@gmail.com;+7553877
209;Dmitriy;Pavel@gmail.com;+7382677
210;Anton;Pavel@gmail.com;+7030326
211;Fedor;Anton@gmail.com;+7553812
212;Igor;Dmitriy@gmail.com;+7265538
213;Fedor;Ivan@gmail.com;+7553877
214;Anton;Fedor@gmail.com;+7770377
215;Fedor;Dmitriy@gmail.com;+7034926
216;Dmitriy;Pavel@gmail.com;+7127738
217;Dmitriy;Kirill@gmail.com;+7033826
218;Kirill;Igor@gmail.com;+7497738
219;Dmitriy;Pavel@gmail.com;+7492626
220;Dmitriy;Igor@gmail.com;+7495555
221;Kirill;Anton@gmail.com;+7554949
222;Anton;Igor@gmail.com;+7383838
223;Fedor;Ivan@gmail.com;+7773812
224;Ivan;Kirill@gmail.com;+7121255
225;Fedor;Anton@gmail.com;+7031226
226;Anton;Ivan@gmail.com;+7497755
227;Kirill;Anton@gmail.com;+7387738
228;Dmitriy;Pavel@gmail.com;+7554949
229;Kirill;Pavel@gmail.com;+7033855
230;Fedor;Pavel@gmail.com;+7124977
231;Igor;Dmitriy@gmail.com;+7125555
232;Anton;Anton@gmail.com;+7123877
233;Anton;Fedor@gmail.com;+7267726
234;Fedor;Pavel@gmail.com;+7771226
235;Anton;Fedor@gmail.com;+7492649
236;Pavel;Ivan@gmail.com;+7035549
237;Anton;Kirill@gmail.com;+7774955
238;Fedor;Dmitriy@gmail.com;+7497726
239;Fedor;Kirill@gmail.com;+7495526
240;Kirill;Ivan@gmail.com;+7553849
241;Igor;Igor@gmail.com;+7125538
242;Anton;Ivan@gmail.com;+7032603
243;Igor;Kirill@gmail.com;+7030355
244;Ivan;Kirill@gmail.com;+7384949
245;Dmitriy;Ivan@gmail.com;+7493812
246;Igor;Dmitriy@gmail.com;+7772638
247;Anton;Pavel@gmail.com;+7384977
248;Ivan;Fedor@gmail.com;+7771203
249;Dmitriy;Fedor@gmail.com;+7493855
250;Igor;Fedor@gmail.com;+7127703
251;Kirill;Pavel@gmail.com;+7552649
252;Ivan;Pavel@gmail.com;+7127726
253;Ivan;Fedor@gmail.com;+7774912
254;Pavel;Fedor@gmail.com;+7122603
255;Dmitriy;Pavel@gmail.com;+7774912
256;Dmitriy;Fedor@gmail.com;+7123855
257;Dmitriy;Pavel@gmail.com;+7125526
258;Pavel;Pavel@gmail.com;+7551238
259;Kirill;Dmitriy@gmail.com;+7122649
260;Dmitriy;Dmitriy@gmail.com;+7031212
261;Fedor;Igor@gmail.com;+7552603
262;Kirill;Kirill@gmail.com;+7771226
263;Fedor;Igor@gmail.com;+7551249
264;Fedor;Fedor@gmail.com;+7033812
265;Igor;Igor@gmail.com;+7555526
266;Pavel;Anton@gmail.com;+7122626
267;Dmitriy;Igor@gmail.com;+7262638
268;Ivan;Kirill@gmail.com;+7387712
269;Fedor;Igor@gmail.com;+7122655
270;Pavel;Dmitriy@gmail.com;+7267738
271;Kirill;Anton@gmail.com;+7383877
272;Ivan;Dmitriy@gmail.com;+7267749
273;Dmitriy;Igor@gmail.com;+7035538
274;Fedor;Ivan@gmail.com;+7127749
275;Anton;Fedor@gmail.com;+7777755
276;Kirill;Fedor@gmail.com;+7035512
277;Anton;Igor@gmail.com;+7551226
278;Dmitriy;Anton@gmail.com;+7490326
279;Anton;Dmitriy@gmail.com;+7773838
280;Dmitriy;Dmitriy@gmail.com;+7492626
281;Igor;Kirill@gmail.com;+7032655
282;Kirill;Ivan@gmail.com;+7383803
283;Dmitriy;Fedor@gmail.com;+7491277
284;Anton;Kirill@gmail.com;+7387726
285;Fedor;Igor@gmail.com;+7771277
286;Anton;Fedor@gmail.com;+7771212
287;Anton;Kirill@gmail.com;+7123812
288;Ivan;Pavel@gmail.com;+7554955
289;Dmitriy;Kirill@gmail.com;+7261226
290;Pavel;Kirill@gmail.com;+7550355
291;Kirill;Dmitriy@gmail.com;+7032626
292;Anton;Ivan@gmail.com;+7494903
293;Igor;Fedor@gmail.com;+7125555
294;Anton;Dmitriy@gmail.com;+7490326
295;Ivan;Dmitriy@gmail.com;+7552638
296;Kirill;Kirill@gmail.com;+7121277
297;Anton;Fedor@gmail.com;+7383849
298;Ivan;Ivan@gmail.com;+7385512
299;Anton;Igor@gmail.com;+7122655
300;Fedor;Igor@gmail.com;+7551277
301;Kirill;Dmitriy@gmail.com;+7382603
302;Dmitriy;Dmitriy@gmail.com;+7030303
303;Kirill;Dmitriy@gmail.com;+7494903
304;Fedor;Igor@gmail.com;+7495555
305;Ivan;Pavel@gmail.com;+7125512
306;Igor;Igor@gmail.com;+7033803
307;Pavel;Dmitriy@gmail.com;+7124955
308;Kirill;Fedor@gmail.com;+7381249
309;Ivan;Anton@gmail.com;+7491255
310;Kirill;Kirill@gmail.com;+7777749
311;Igor;Igor@gmail.com;+7261203
312;Anton;Fedor@gmail.com;+7031203
313;Pavel;Ivan@gmail.com;+7770303
314;Pavel;Kirill@gmail.com;+7770326
315;Igor;Ivan@gmail.com;+7127703
316;Igor;Pavel@gmail.com;+7032638
317;Dmitriy;Ivan@gmail.com;+7380355
318;Pavel;Dmitriy@gmail.com;+7037749
319;Kirill;Igor@gmail.com;+7777712
320;Dmitriy;Kirill@gmail.com;+7497738
321;Fedor;Ivan@gmail.com;+7774912
322;Anton;Anton@gmail.com;+7382649
323;Igor;Pavel@gmail.com;+7263838
324;Pavel;Pavel@gmail.com;+7385549
325;Anton;Dmitriy@gmail.com;+7491255
326;Fedor;Anton@gmail.com;+7554938
327;Kirill;Ivan@gmail.com;+7550338
328;Anton;Pavel@gmail.com;+7492612
329;Kirill;Igor@gmail.com;+7263877
330;Fedor;Dmitriy@gmail.com;+7123877
331;Dmitriy;Dmitriy@gmail.com;+7492603
332;Pavel;Pavel@gmail.com;+7490312
333;Fedor;Anton@gmail.com;+7777712
334;Igor;Igor@gmail.com;+7382677
335;Anton;Pavel@gmail.com;+7122603
336;Ivan;Kirill@gmail.com;+7495538
337;Anton;Ivan@gmail.com;+7494903
338;Ivan;Fedor@gmail.com;+7777703
339;Pavel;Dmitriy@gmail.com;+7492603
340;Ivan;Fedor@gmail.com;+7497755
341;Igor;Igor@gmail.com;+7554949
342;Anton;Kirill@gmail.com;+7120312
343;Anton;Fedor@gmail.com;+7387712
344;Anton;Fedor@gmail.com;+7122649
345;Pavel;Dmitriy@gmail.com;+7490312
346;Igor;Kirill@gmail.com;+7492677
347;Ivan;Ivan@gmail.com;+7772655
348;Igor;Kirill@gmail.com;+7267755
349;Anton;Fedor@gmail.com;+7497703
350;Ivan;Dmitriy@gmail.com;+7264938
351;Kirill;Anton@gmail.com;+7495538
352;Dmitriy;Dmitriy@gmail.com;+7774955
353;Ivan;Ivan@gmail.com;+7773803
354;Fedor;Anton@gmail.com;+7263855
355;Kirill;Ivan@gmail.com;+7125538
356;Dmitriy;Igor@gmail.com;+7383838
357;Ivan;Kirill@gmail.com;+7034977
358;Dmitriy;Kirill@gmail.com;+7550303
359;Dmitriy;Ivan@gmail.com;+7262649
360;Pavel;Dmitriy@gmail.com;+7554977
361;Kirill;Igor@gmail.com;+7384949
362;Igor;Pavel@gmail.com;+7382655
363;Igor;Ivan@gmail.com;+7775555
364;Ivan;Anton@gmail.com;+7553877
365;Igor;Igor@gmail.com;+7491203
366;Dmitriy;Igor@gmail.com;+7387755
367;Fedor;Anton@gmail.com;+7775503
368;Anton;Igor@gmail.com;+7491277
369;Ivan;Dmitriy@gmail.com;+7770303
370;Dmitriy;Anton@gmail.com;+7551255
371;Kirill;Anton@gmail.com;+7774955
372;Pavel;Pavel@gmail.com;+7554977
373;Fedor;Ivan@gmail.com;+7493877
374;Fedor;Ivan@gmail.com;+7033877
375;Anton;Pavel@gmail.com;+7495555
376;Anton;Fedor@gmail.com;+7037738
377;Igor;Ivan@gmail.com;+7381212
378;Pavel;Igor@gmail.com;+7263849
379;Fedor;Fedor@gmail.com;+7260338
380;Dmitriy;Anton@gmail.com;+7497749
381;Anton;Ivan@gmail.com;+7492638
382;Igor;Dmitriy@gmail.com;+7265503
383;Igor;Dmitriy@gmail.com;+7037738
384;Dmitriy;Kirill@gmail.com;+7387703
385;Ivan;Fedor@gmail.com;+7387777
386;Ivan;Fedor@gmail.com;+7260355
387;Anton;Pavel@gmail.com;+7551226
388;Anton;Dmitriy@gmail.com;+7770377
389;Igor;Kirill@gmail.com;+7030349
390;Dmitriy;Anton@gmail.com;+7771249
391;Ivan;Kirill@gmail.com;+7262677
392;Ivan;Pavel@gmail.com;+7490355
393;Anton;Anton@gmail.com;+7552626
394;Ivan;Dmitriy@gmail.com;+7494912
395;Igor;Ivan@gmail.com;+7551249
396;Ivan;Igor@gmail.com;+7120338
397;Fedor;Dmitriy@gmail.com;+7037726
398;Anton;Ivan@gmail.com;+7034938
399;Kirill;Anton@gmail.com;+7121238
400;Pavel;Fedor@gmail.com;+7262638
401;Anton;Kirill@gmail.com;+7554955
402;Kirill;Kirill@gmail.com;+7773812
403;Ivan;Pavel@gmail.com;+7030355
404;Fedor;Dmitriy@gmail.com;+7381277
405;Kirill;Kirill@gmail.com;+7382677
406;Igor;Anton@gmail.com;+7122626
407;Igor;Dmitriy@gmail.com;+7380303
408;Kirill;Igor@gmail.com;+7260338
409;Kirill;Pavel@gmail.com;+7497712
410;Pavel;Dmitriy@gmail.com;+7122603
411;Igor;Fedor@gmail.com;+7557777
412;Anton;Kirill@gmail.com;+7120303
413;Pavel;Igor@gmail.com;+7260377
414;Igor;Igor@gmail.com;+7493849
415;Pavel;Kirill@gmail.com;+7492626
416;Fedor;Ivan@gmail.com;+7774926
417;Ivan;Igor@gmail.com;+7121255
418;Pavel;Igor@gmail.com;+7031226
419;Pavel;Dmitriy@gmail.com;+7121249
420;Dmitriy;Kirill@gmail.com;+7771212
421;Dmitriy;Dmitriy@gmail.com;+7260349
422;Anton;Kirill@gmail.com;+7262649
423;Anton;Igor@gmail.com;+7550355
424;Pavel;Pavel@gmail.com;+7034903
425;Ivan;Kirill@gmail.com;+7124977
426;Dmitriy;Igor@gmail.com;+7495512
427;Fedor;Igor@gmail.com;+7263877
428;Dmitriy;Ivan@gmail.com;+7381238
429;Dmitriy;Anton@gmail.com;+7494955
430;Dmitriy;Fedor@gmail.com;+7033877
431;Pavel;Dmitriy@gmail.com;+7383812
432;Kirill;Pavel@gmail.com;+7030349
433;Dmitriy;Ivan@gmail.com;+7773803
434;Dmitriy;Fedor@gmail.com;+7557712
435;Igor;Kirill@gmail.com;+7120349
436;Dmitriy;Ivan@gmail.com;+7555555
437;Fedor;Igor@gmail.com;+7553849
438;Igor;Anton@gmail.com;+7267726
439;Dmitriy;Anton@gmail.com;+7125577
440;Anton;Fedor@gmail.com;+7120377
441;Ivan;Dmitriy@gmail.com;+7493812
442;Kirill;Ivan@gmail.com;+7031226
443;Kirill;Fedor@gmail.com;+7774955
444;Igor;Fedor@gmail.com;+7770312
445;Kirill;Fedor@gmail.com;+7264938
446;Fedor;Dmitriy@gmail.com;+7387755
447;Dmitriy;Fedor@gmail.com;+7557777
448;Anton;Pavel@gmail.com;+7490312
449;Igor;Pavel@gmail.com;+7495549
450;Kirill;Kirill@gmail.com;+7555526
451;Ivan;Ivan@gmail.com;+7034912
452;Ivan;Pavel@gmail.com;+7385549
453;Pavel;Igor@gmail.com;+7267712
454;Ivan;Pavel@gmail.com;+7773849
455;Pavel;Kirill@gmail.com;+7557738
456;Igor;Fedor@gmail.com;+7550303
457;Igor;Ivan@gmail.com;+7553855
458;Ivan;Pavel@gmail.com;+7124938
459;Igor;Kirill@gmail.com;+7380326
460;Anton;Pavel@gmail.com;+7264977
461;Kirill;Anton@gmail.com;+7387777
462;Anton;Dmitriy@gmail.com;+7555555
463;Anton;Ivan@gmail.com;+7123812
464;Ivan;Anton@gmail.com;+7777755
465;Pavel;Kirill@gmail.com;+7123838
466;Igor;Dmitriy@gmail.com;+7380312
467;Anton;Dmitriy@gmail.com;+7125555
468;Ivan;Fedor@gmail.com;+7035577
469;Igor;Ivan@gmail.com;+7265555
470;Pavel;Anton@gmail.com;+7552677
471;Ivan;Kirill@gmail.com;+7777777
472;Pavel;Dmitriy@gmail.com;+7492649
473;Anton;Ivan@gmail.com;+7121249
474;Ivan;Pavel@gmail.com;+7382638
475;Fedor;Dmitriy@gmail.com;+7492603
476;Kirill;Ivan@gmail.com;+7383849
477;Ivan;Kirill@gmail.com;+7120338
478;Anton;Ivan@gmail.com;+7383855
479;Ivan;Anton@gmail.com;+7557712
480;Fedor;Fedor@gmail.com;+7775577
481;Kirill;Anton@gmail.com;+7554977
482;Pavel;Pavel@gmail.com;+7035549
483;Pavel;Ivan@gmail.com;+7265549
484;Kirill;Ivan@gmail.com;+7491255
485;Kirill;Fedor@gmail.com;+7121212
486;Ivan;Anton@gmail.com;+7490326
487;Igor;Pavel@gmail.com;+7774977
488;Igor;Fedor@gmail.com;+7493803
489;Pavel;Anton@gmail.com;+7034903
490;Anton;Kirill@gmail.com;+7495577
491;Fedor;Fedor@gmail.com;+7771255
492;Kirill;Dmitriy@gmail.com;+7382677
493;Ivan;Ivan@gmail.com;+7491203
494;Anton;Ivan@gmail.com;+7385577
495;Pavel;Ivan@gmail.com;+7554949
496;Anton;Ivan@gmail.com;+7122638
497;Kirill;Fedor@gmail.com;+7491249
498;Fedor;Fedor@gmail.com;+7031277
499;Ivan;Kirill@gmail.com;+7551277
500;Pavel;Igor@gmail.com;+7261238
501;Ivan;Ivan@gmail.com;+7124926
502;Anton;Kirill@gmail.com;+7260312
503;Igor;Igor@gmail.com;+7384955
504;Fedor;Kirill@gmail.com;+7772612
505;Anton;Ivan@gmail.com;+7264955
506;Pavel;Anton@gmail.com;+7491212
507;Kirill;Anton@gmail.com;+7385577
508;Kirill;Pavel@gmail.com;+7773826
509;Ivan;Igor@gmail.com;+7263812
510;Dmitriy;Anton@gmail.com;+7262626
511;Kirill;Pavel@gmail.com;+7554949
512;Anton;Kirill@gmail.com;+7031203
513;Anton;Anton@gmail.com;+7123812
514;Anton;Dmitriy@gmail.com;+7122649
515;Fedor;Ivan@gmail.com;+7771203
516;Dmitriy;Anton@gmail.com;+7033855
517;Pavel;Anton@gmail.com;+7770312
518;Kirill;Anton@gmail.com;+7387726
519;Igor;Kirill@gmail.com;+7493849
520;Anton;Kirill@gmail.com;+7493803
521;Kirill;Pavel@gmail.com;+7775512
522;Pavel;Anton@gmail.com;+7260349
523;Ivan;Ivan@gmail.com;+7262655
524;Igor;Anton@gmail.com;+7263877
525;Dmitriy;Fedor@gmail.com;+7497749
526;Kirill;Ivan@gmail.com;+7382638
527;Kirill;Ivan@gmail.com;+7031277
528;Pavel;Pavel@gmail.com;+7032638
529;Igor;Pavel@gmail.com;+7380303
530;Fedor;Ivan@gmail.com;+7380349
531;Anton;Ivan@gmail.com;+7774977
532;Dmitriy;Kirill@gmail.com;+7494926
533;Pavel;Ivan@gmail.com;+7120377
534;Igor;Anton@gmail.com;+7557749
535;Igor;Fedor@gmail.com;+7385512
536;Igor;Kirill@gmail.com;+7124977
537;Pavel;Kirill@gmail.com;+7553849
538;Igor;Dmitriy@gmail.com;+7382677
539;Dmitriy;Ivan@gmail.com;+7387726
540;Fedor;Pavel@gmail.com;+7120338
541;Anton;Kirill@gmail.com;+7555555
542;Igor;Kirill@gmail.com;+7381226
543;Igor;Pavel@gmail.com;+7777749
544;Kirill;Pavel@gmail.com;+7380377
545;Igor;Pavel@gmail.com;+7771212
546;Dmitriy;Ivan@gmail.com;+7774977
547;Igor;Fedor@gmail.com;+7550355
548;Pavel;Kirill@gmail.com;+7771226
549;Anton;Fedor@gmail.com;+7380349
550;Dmitriy;Igor@gmail.com;+7770349
551;Fedor;Fedor@gmail.com;+7387777
552;Fedor;Pavel@gmail.com;+7777726
553;Igor;Fedor@gmail.com;+7493812
554;Kirill;Kirill@gmail.com;+7383855
555;Pavel;Ivan@gmail.com;+7120355
556;Kirill;Kirill@gmail.com;+7550338
557;Fedor;Pavel@gmail.com;+7495526
558;Fedor;Ivan@gmail.com;+7263849
559;Kirill;Kirill@gmail.com;+7381238
560;Pavel;Ivan@gmail.com;+7777703
561;Ivan;Fedor@gmail.com;+7031212
562;Anton;Anton@gmail.com;+7121277
563;Fedor;Fedor@gmail.com;+7557738
564;Ivan;Anton@gmail.com;+7267703
565;Pavel;Pavel@gmail.com;+7771203
566;Kirill;Fedor@gmail.com;+7775503
567;Ivan;Igor@gmail.com;+7034949
568;Kirill;Igor@gmail.com;+7125577
569;Ivan;Ivan@gmail.com;+7033877
570;Pavel;Anton@gmail.com;+7380377
571;Dmitriy;Anton@gmail.com;+7037749
572;Fedor;Kirill@gmail.com;+7121255
573;Igor;Ivan@gmail.com;+7260355
574;Fedor;Fedor@gmail.com;+7033838
575;Kirill;Anton@gmail.com;+7553855
576;Anton;Kirill@gmail.com;+7491226
577;Kirill;Pavel@gmail.com;+7034977
578;Pavel;Dmitriy@gmail.com;+7777755
579;Kirill;Dmitriy@gmail.com;+7260303
580;Ivan;Pavel@gmail.com;+7265512
581;Dmitriy;Ivan@gmail.com;+7774949
582;Pavel;Igor@gmail.com;+7775549
583;Dmitriy;Igor@gmail.com;+7387726
584;Anton;Kirill@gmail.com;+7555549
585;Pavel;Kirill@gmail.com;+7492638
586;Dmitriy;Ivan@gmail.com;+7263812
587;Dmitriy;Pavel@gmail.com;+7771238
588;Kirill;Anton@gmail.com;+7495503
589;Anton;Fedor@gmail.com;+7030326
590;Anton;Fedor@gmail.com;+7770326
591;Pavel;Pavel@gmail.com;+7264949
592;Fedor;Kirill@gmail.com;+7495555
593;Pavel;Pavel@gmail.com;+7774926
594;Kirill;Igor@gmail.com;+7775512
595;Kirill;Fedor@gmail.com;+7772655
596;Dmitriy;Anton@gmail.com;+7381277
597;Ivan;Kirill@gmail.com;+7121238
598;Fedor;Fedor@gmail.com;+7031212
599;Kirill;Ivan@gmail.com;+7775549
600;Anton;Igor@gmail.com;+7123826
601;Igor;Anton@gmail.com;+7387726
602;Pavel;Ivan@gmail.com;+7495555
603;Kirill;Igor@gmail.com;+7773855
604;Fedor;Igor@gmail.com;+7035577
605;Dmitriy;Fedor@gmail.com;+7122603
606;Fedor;Fedor@gmail.com;+7121203
607;Kirill;Kirill@gmail.com;+7550326
608;Igor;Ivan@gmail.com;+7491238
609;Igor;Anton@gmail.com;+7264955
610;Ivan;Anton@gmail.com;+7555577
611;Pavel;Anton@gmail.com;+7775512
612;Igor;Dmitriy@gmail.com;+7380355
613;Dmitriy;Anton@gmail.com;+7550312
614;Igor;Dmitriy@gmail.com;+7380349
615;Dmitriy;Fedor@gmail.com;+7031238
616;Kirill;Fedor@gmail.com;+7263826
617;Pavel;Kirill@gmail.com;+7552612
618;Fedor;Fedor@gmail.com;+7385555
619;Kirill;Anton@gmail.com;+7495555
620;Pavel;Anton@gmail.com;+7122612
621;Dmitriy;Ivan@gmail.com;+7380377
622;Fedor;Pavel@gmail.com;+7490326
623;Fedor;Kirill@gmail.com;+7382638
624;Fedor;Dmitriy@gmail.com;+7495526
625;Ivan;Igor@gmail.com;+7124955
626;Igor;Ivan@gmail.com;+7037712
627;Igor;Fedor@gmail.com;+7031238
628;Dmitriy;Fedor@gmail.com;+7383838
629;Dmitriy;Pavel@gmail.com;+7490312
630;Pavel;Kirill@gmail.com;+7030355
631;Kirill;Igor@gmail.com;+7261203
632;Pavel;Dmitriy@gmail.com;+7497703
633;Ivan;Igor@gmail.com;+7770355
634;Igor;Kirill@gmail.com;+7380303
635;Ivan;Anton@gmail.com;+7557738
636;Ivan;Kirill@gmail.com;+7772638
637;Kirill;Igor@gmail.com;+7385538
638;Ivan;Anton@gmail.com;+7262603
639;Dmitriy;Fedor@gmail.com;+7777703
640;Igor;Ivan@gmail.com;+7123838
641;Dmitriy;Dmitriy@gmail.com;+7773803
642;Ivan;Anton@gmail.com;+7030303
643;Pavel;Pavel@gmail.com;+7775555
644;Kirill;Fedor@gmail.com;+7037749
645;Igor;Dmitriy@gmail.com;+7775526
646;Anton;Kirill@gmail.com;+7265526
647;Kirill;Dmitriy@gmail.com;+7033812
648;Igor;Dmitriy@gmail.com;+7262649
649;Anton;Kirill@gmail.com;+7771238
650;Pavel;Fedor@gmail.com;+7492612
651;Kirill;Kirill@gmail.com;+7777749
652;Anton;Dmitriy@gmail.com;+7382649
653;Ivan;Ivan@gmail.com;+7773849
654;Pavel;Fedor@gmail.com;+7557712
655;Kirill;Kirill@gmail.com;+7264903
656;Anton;Fedor@gmail.com;+7495503
657;Dmitriy;Fedor@gmail.com;+7557712
658;Ivan;Fedor@gmail.com;+7494955
659;Kirill;Ivan@gmail.com;+7772638
660;Anton;Anton@gmail.com;+7774912
661;Fedor;Pavel@gmail.com;+7034926
662;Igor;Kirill@gmail.com;+7387755
663;Fedor;Pavel@gmail.com;+7492626
664;Igor;Igor@gmail.com;+7552638
665;Dmitriy;Anton@gmail.com;+7773855
666;Dmitriy;Anton@gmail.com;+7493838
667;Dmitriy;Igor@gmail.com;+7494955
668;Dmitriy;Dmitriy@gmail.com;+7770312
669;Anton;Kirill@gmail.com;+7553877
670;Igor;Ivan@gmail.com;+7034938
671;Fedor;Pavel@gmail.com;+7770338
672;Pavel;Kirill@gmail.com;+7383877
673;Dmitriy;Igor@gmail.com;+7035538
674;Igor;Kirill@gmail.com;+7774903
675;Igor;Igor@gmail.com;+7121238
676;Igor;Ivan@gmail.com;+7121226
677;Fedor;Fedor@gmail.com;+7772649
678;Dmitriy;Anton@gmail.com;+7262612
679;Pavel;Fedor@gmail.com;+7775538
680;Kirill;Dmitriy@gmail.com;+7550303
681;Dmitriy;Kirill@gmail.com;+7262649
682;Fedor;Igor@gmail.com;+7035512
683;Ivan;Igor@gmail.com;+7260349
684;Ivan;Igor@gmail.com;+7382649
685;Anton;Kirill@gmail.com;+7552603
686;Dmitriy;Anton@gmail.com;+7125555
687;Dmitriy;Pavel@gmail.com;+7383838
688;Kirill;Anton@gmail.com;+7267755
689;Anton;Igor@gmail.com;+7384926
690;Ivan;Ivan@gmail.com;+7490355
691;Ivan;Fedor@gmail.com;+7032626
692;Dmitriy;Kirill@gmail.com;+7262612
693;Fedor;Dmitriy@gmail.com;+7552649
694;Ivan;Fedor@gmail.com;+7121226
695;Anton;Igor@gmail.com;+7032603
696;Igor;Igor@gmail.com;+7775549
697;Igor;Igor@gmail.com;+7120303
698;Ivan;Kirill@gmail.com;+7030349
699;Kirill;Anton@gmail.com;+7555538
700;Igor;Fedor@gmail.com;+7264949
701;Ivan;Ivan@gmail.com;+7121226
702;Kirill;Dmitriy@gmail.com;+7034949
703;Anton;Pavel@gmail.com;+7034903
704;Pavel;Pavel@gmail.com;+7775577
705;Fedor;Ivan@gmail.com;+7557703
706;Kirill;Igor@gmail.com;+7771277
707;Dmitriy;Kirill@gmail.com;+7265538
708;Fedor;Pavel@gmail.com;+7037712
709;Ivan;Anton@gmail.com;+7550349
710;Pavel;Ivan@gmail.com;+7127777
711;Kirill;Anton@gmail.com;+7495577
712;Fedor;Igor@gmail.com;+7385549
713;Pavel;Anton@gmail.com;+7380312
714;Kirill;Ivan@gmail.com;+7037777
715;Anton;Igor@gmail.com;+7125549
716;Ivan;Ivan@gmail.com;+7032677
717;Pavel;Anton@gmail.com;+7125549
718;Dmitriy;Ivan@gmail.com;+7494977
719;Fedor;Kirill@gmail.com;+7265577
720;Ivan;Ivan@gmail.com;+7263803
721;Fedor;Ivan@gmail.com;+7557738
722;Pavel;Anton@gmail.com;+7120377
723;Dmitriy;Pavel@gmail.com;+7123803
724;Ivan;Anton@gmail.com;+7262677
725;Pavel;Anton@gmail.com;+7035549
726;Igor;Anton@gmail.com;+7773855
727;Pavel;Pavel@gmail.com;+7492603
728;Igor;Ivan@gmail.com;+7552626
729;Igor;Pavel@gmail.com;+7261255
730;Fedor;Pavel@gmail.com;+7552612
731;Kirill;Pavel@gmail.com;+7035538
732;Ivan;Dmitriy@gmail.com;+7773803
733;Dmitriy;Pavel@gmail.com;+7037777
734;Kirill;Fedor@gmail.com;+7120312
735;Anton;Kirill@gmail.com;+7037777
736;Igor;Pavel@gmail.com;+7771277
737;Anton;Dmitriy@gmail.com;+7777777
738;Igor;Ivan@gmail.com;+7037777
739;Fedor;Kirill@gmail.com;+7772638
740;Dmitriy;Dmitriy@gmail.com;+7034938
741;Anton;Anton@gmail.com;+7771255
742;Kirill;Fedor@gmail.com;+7260312
743;Dmitriy;Igor@gmail.com;+7385503
744;Pavel;Dmitriy@gmail.com;+7552655
745;Ivan;Ivan@gmail.com;+7557749
746;Kirill;Dmitriy@gmail.com;+7265538
747;Pavel;Kirill@gmail.com;+7033826
748;Kirill;Fedor@gmail.com;+7033803
749;Kirill;Igor@gmail.com;+7035555
750;Dmitriy;Kirill@gmail.com;+7037703
751;Ivan;Igor@gmail.com;+7381226
752;Kirill;Ivan@gmail.com;+7770377
753;Anton;Fedor@gmail.com;+7261212
754;Fedor;Ivan@gmail.com;+7492612
755;Igor;Igor@gmail.com;+7031238
756;Igor;Igor@gmail.com;+7551255
757;Fedor;Igor@gmail.com;+7555577
758;Igor;Pavel@gmail.com;+7553849
759;Pavel;Kirill@gmail.com;+7492612
760;Kirill;Pavel@gmail.com;+7124903
761;Pavel;Pavel@gmail.com;+7773838
762;Ivan;Anton@gmail.com;+7492612
763;Anton;Fedor@gmail.com;+7495555
764;Igor;Pavel@gmail.com;+7032612
765;Ivan;Anton@gmail.com;+7383855
766;Dmitriy;Dmitriy@gmail.com;+7260355
767;Anton;Fedor@gmail.com;+7771249
768;Anton;Anton@gmail.com;+7125577
769;Anton;Igor@gmail.com;+7263838
770;Fedor;Ivan@gmail.com;+7032677
771;Pavel;Pavel@gmail.com;+7491226
772;Dmitriy;Kirill@gmail.com;+7261238
773;Dmitriy;Dmitriy@gmail.com;+7033803
774;Fedor;Kirill@gmail.com;+7770377
775;Pavel;Fedor@gmail.com;+7777749
776;Kirill;Igor@gmail.com;+7035577
777;Kirill;Fedor@gmail.com;+7034938
778;Kirill;Igor@gmail.com;+7121226
779;Igor;Dmitriy@gmail.com;+7490326
780;Pavel;Pavel@gmail.com;+7770326
781;Fedor;Dmitriy@gmail.com;+7771226
782;Pavel;Anton@gmail.com;+7552612
783;Anton;Igor@gmail.com;+7264955
784;Kirill;Pavel@gmail.com;+7774912
785;Igor;Kirill@gmail.com;+7384938
786;Fedor;Igor@gmail.com;+7550338
787;Kirill;Fedor@gmail.com;+7265526
788;Kirill;Anton@gmail.com;+7030377
789;Pavel;Dmitriy@gmail.com;+7492649
790;Kirill;Ivan@gmail.com;+7495577
791;Pavel;Fedor@gmail.com;+7777755
792;Dmitriy;Anton@gmail.com;+7380355
793;Pavel;Pavel@gmail.com;+7035512
794;Pavel;Dmitriy@gmail.com;+7490326
795;Igor;Dmitriy@gmail.com;+7124912
796;Kirill;Igor@gmail.com;+7123812
797;Fedor;Dmitriy@gmail.com;+7263826
798;Fedor;Dmitriy@gmail.com;+7494977
799;Pavel;Kirill@gmail.com;+7551238
800;Dmitriy;Fedor@gmail.com;+7775577
801;Fedor;Anton@gmail.com;+7122677
802;Fedor;Fedor@gmail.com;+7774903
803;Kirill;Dmitriy@gmail.com;+7127712
804;Ivan;Igor@gmail.com;+7490355
805;Pavel;Pavel@gmail.com;+7035526
806;Anton;Anton@gmail.com;+7121277
807;Igor;Pavel@gmail.com;+7034903
808;Fedor;Anton@gmail.com;+7493877
809;Ivan;Fedor@gmail.com;+7555549
810;Igor;Ivan@gmail.com;+7031277
811;Igor;Anton@gmail.com;+7263849
812;Kirill;Dmitriy@gmail.com;+7551212
813;Pavel;Dmitriy@gmail.com;+7772612
814;Ivan;Igor@gmail.com;+7032677
815;Anton;Anton@gmail.com;+7492603
816;Anton;Igor@gmail.com;+7030312
817;Ivan;Kirill@gmail.com;+7772626
818;Pavel;Anton@gmail.com;+7492649
819;Anton;Dmitriy@gmail.com;+7771255
820;Ivan;Ivan@gmail.com;+7494955
821;Igor;Ivan@gmail.com;+7033826
822;Igor;Fedor@gmail.com;+7261277
823;Kirill;Pavel@gmail.com;+7032655
824;Igor;Igor@gmail.com;+7124926
825;Dmitriy;Dmitriy@gmail.com;+7557703
826;Kirill;Kirill@gmail.com;+7490338
827;Ivan;Kirill@gmail.com;+7262655
828;Pavel;Fedor@gmail.com;+7777726
829;Kirill;Anton@gmail.com;+7552677
830;Ivan;Kirill@gmail.com;+7387777
831;Fedor;Anton@gmail.com;+7123812
832;Anton;Igor@gmail.com;+7770377
833;Kirill;Ivan@gmail.com;+7384938
834;Dmitriy;Fedor@gmail.com;+7550338
835;Ivan;Igor@gmail.com;+7382649
836;Ivan;Ivan@gmail.com;+7124926
837;Fedor;Fedor@gmail.com;+7030377
838;Pavel;Pavel@gmail.com;+7123826
839;Pavel;Fedor@gmail.com;+7493812
840;Kirill;Dmitriy@gmail.com;+7387749
841;Dmitriy;Ivan@gmail.com;+7123812
842;Pavel;Ivan@gmail.com;+7553826
843;Kirill;Ivan@gmail.com;+7124977
844;Pavel;Ivan@gmail.com;+7771203
845;Dmitriy;Pavel@gmail.com;+7262603
846;Fedor;Fedor@gmail.com;+7492638
847;Fedor;Kirill@gmail.com;+7387755
848;Dmitriy;Anton@gmail.com;+7550355
849;Anton;Pavel@gmail.com;+7495512
850;Fedor;Dmitriy@gmail.com;+7557726
851;Ivan;Fedor@gmail.com;+7551238
852;Anton;Anton@gmail.com;+7033849
853;Anton;Igor@gmail.com;+7385512
854;Pavel;Igor@gmail.com;+7122612
855;Igor;Dmitriy@gmail.com;+7127738
856;Kirill;Ivan@gmail.com;+7384977
857;Pavel;Anton@gmail.com;+7551249
858;Dmitriy;Kirill@gmail.com;+7123826
859;Anton;Igor@gmail.com;+7264938
860;Kirill;Ivan@gmail.com;+7494938
861;Fedor;Pavel@gmail.com;+7774912
862;Kirill;Dmitriy@gmail.com;+7490303
863;Fedor;Ivan@gmail.com;+7554938
864;Dmitriy;Kirill@gmail.com;+7387712
865;Pavel;Pavel@gmail.com;+7553812
866;Pavel;Anton@gmail.com;+7774938
867;Fedor;Fedor@gmail.com;+7772655
868;Kirill;Kirill@gmail.com;+7034926
869;Kirill;Ivan@gmail.com;+7550338
870;Pavel;Pavel@gmail.com;+7771238
871;Kirill;Ivan@gmail.com;+7775577
872;Pavel;Anton@gmail.com;+7033803
873;Dmitriy;Fedor@gmail.com;+7264912
874;Ivan;Fedor@gmail.com;+7495526
875;Pavel;Fedor@gmail.com;+7380355
876;Pavel;Kirill@gmail.com;+7031226
877;Ivan;Fedor@gmail.com;+7493877
878;Pavel;Anton@gmail.com;+7030349
879;Dmitriy;Kirill@gmail.com;+7122649
880;Fedor;Igor@gmail.com;+7380303
881;Fedor;Anton@gmail.com;+7495555
882;Anton;Anton@gmail.com;+7382626
883;Ivan;Kirill@gmail.com;+7263855
884;Dmitriy;Fedor@gmail.com;+7260377
885;Anton;Anton@gmail.com;+7385538
886;Ivan;Pavel@gmail.com;+7552677
887;Ivan;Anton@gmail.com;+7492612
888;Fedor;Kirill@gmail.com;+7380377
889;Igor;Fedor@gmail.com;+7555555
890;Kirill;Fedor@gmail.com;+7030349
891;Kirill;Dmitriy@gmail.com;+7770303
892;Igor;Fedor@gmail.com;+7033803
893;Anton;Dmitriy@gmail.com;+7492603
894;Dmitriy;Anton@gmail.com;+7121238
895;Ivan;Igor@gmail.com;+7777726
896;Kirill;Igor@gmail.com;+7262626
897;Anton;Fedor@gmail.com;+7380303
898;Pavel;Ivan@gmail.com;+7555577
899;Ivan;Pavel@gmail.com;+7122655
900;Anton;Fedor@gmail.com;+7552603
901;Pavel;Fedor@gmail.com;+7124926
902;Fedor;Dmitriy@gmail.com;+7120312
903;Ivan;Fedor@gmail.com;+7261255
904;Pavel;Ivan@gmail.com;+7264938
905;Dmitriy;Kirill@gmail.com;+7034938
906;Dmitriy;Fedor@gmail.com;+7387712
907;Dmitriy;Dmitriy@gmail.com;+7262626
908;Kirill;Kirill@gmail.com;+7551277
909;Fedor;Pavel@gmail.com;+7032612
910;Igor;Fedor@gmail.com;+7774949
911;Ivan;Fedor@gmail.com;+7491226
912;Anton;Fedor@gmail.com;+7120377
913;Ivan;Ivan@gmail.com;+7494977
914;Ivan;Dmitriy@gmail.com;+7380355
915;Igor;Pavel@gmail.com;+7127712
916;Pavel;Pavel@gmail.com;+7265577
917;Fedor;Fedor@gmail.com;+7263838
918;Fedor;Anton@gmail.com;+7263812
919;Kirill;Ivan@gmail.com;+7267738
920;Igor;Igor@gmail.com;+7122655
921;Fedor;Ivan@gmail.com;+7035555
922;Ivan;Fedor@gmail.com;+7555512
923;Ivan;Kirill@gmail.com;+7494903
924;Anton;Kirill@gmail.com;+7380303
925;Dmitriy;Igor@gmail.com;+7122626
926;Kirill;Fedor@gmail.com;+7492612
927;Dmitriy;Dmitriy@gmail.com;+7777749
928;Fedor;Kirill@gmail.com;+7034938
929;Ivan;Igor@gmail.com;+7124938
930;Anton;Ivan@gmail.com;+7553849
931;Fedor;Pavel@gmail.com;+7771226
932;Fedor;Igor@gmail.com;+7121277
933;Kirill;Pavel@gmail.com;+7494977
934;Kirill;Ivan@gmail.com;+7121212
935;Fedor;Fedor@gmail.com;+7384955
936;Fedor;Anton@gmail.com;+7037703
937;Igor;Pavel@gmail.com;+7031226
938;Kirill;Kirill@gmail.com;+7033826
939;Kirill;Kirill@gmail.com;+7551203
940;Ivan;Igor@gmail.com;+7124903
941;Fedor;Igor@gmail.com;+7551212
942;Fedor;Anton@gmail.com;+7557749
943;Ivan;Kirill@gmail.com;+7555555
944;Kirill;Anton@gmail.com;+7037777
945;Anton;Kirill@gmail.com;+7770326
946;Igor;Dmitriy@gmail.com;+7125549
947;Anton;Igor@gmail.com;+7497749
948;Anton;Pavel@gmail.com;+7384912
949;Kirill;Dmitriy@gmail.com;+7384903
950;Anton;Kirill@gmail.com;+7555526
951;Anton;Fedor@gmail.com;+7771277
952;Pavel;Igor@gmail.com;+7554903
953;Igor;Ivan@gmail.com;+7032612
954;Kirill;Kirill@gmail.com;+7494977
955;Ivan;Igor@gmail.com;+7772655
956;Ivan;Dmitriy@gmail.com;+7492603
957;Fedor;Anton@gmail.com;+7382638
958;Ivan;Ivan@gmail.com;+7775503
959;Anton;Igor@gmail.com;+7382655
960;Ivan;Fedor@gmail.com;+7552649
961;Igor;Kirill@gmail.com;+7497777
962;Anton;Ivan@gmail.com;+7264938
963;Fedor;Pavel@gmail.com;+7555549
964;Igor;Fedor@gmail.com;+7030303
965;Pavel;Kirill@gmail.com;+7770338
966;Anton;Kirill@gmail.com;+7772655
967;Kirill;Kirill@gmail.com;+7550349
968;Kirill;Dmitriy@gmail.com;+7497755
969;Kirill;Anton@gmail.com;+7770338
970;Ivan;Ivan@gmail.com;+7494903
971;Igor;Dmitriy@gmail.com;+7385549
972;Fedor;Kirill@gmail.com;+7262649
973;Igor;Pavel@gmail.com;+7035549
974;Ivan;Igor@gmail.com;+7030349
975;Fedor;Pavel@gmail.com;+7497703
976;Anton;Kirill@gmail.com;+7263849
977;Dmitriy;Pavel@gmail.com;+7497712
978;Fedor;Anton@gmail.com;+7261238
979;Dmitriy;Anton@gmail.com;+7497777
980;Anton;Fedor@gmail.com;+7381203
981;Ivan;Igor@gmail.com;+7552612
982;Igor;Anton@gmail.com;+7127777
983;Kirill;Pavel@gmail.com;+7777749
984;Ivan;Igor@gmail.com;+7037712
985;Igor;Anton@gmail.com;+7555526
986;Ivan;Dmitriy@gmail.com;+7557777
987;Pavel;Dmitriy@gmail.com;+7381226
988;Ivan;Anton@gmail.com;+7032649
989;Kirill;Anton@gmail.com;+7497755
990;Igor;Igor@gmail.com;+7381238
991;Igor;Kirill@gmail.com;+7770303
992;Dmitriy;Igor@gmail.com;+7267712
993;Pavel;Dmitriy@gmail.com;+7493849
994;Fedor;Ivan@gmail.com;+7260312
995;Dmitriy;Pavel@gmail.com;+7030349
996;Fedor;Dmitriy@gmail.com;+7384949
997;Anton;Pavel@gmail.com;+7121238
998;Igor;Anton@gmail.com;+7773855
999;Kirill;Anton@gmail.com;+7127738
1000;Pavel;Anton@gmail.com;+7261255
1001;Fedor;Kirill@gmail.com;+7381255
